기준일,시장,종목명,종목코드,기준가,1개월(%),3개월(%),6개월(%),12개월(%),모멘텀스코어
2026-03-27,KOSDAQ,성호전자,043260,44250,154.5,1706.1,4102.3,3721.2,4129.4
2026-03-27,KOSDAQ,대한광통신,010170,9310,169.1,310.9,735.7,1370.8,856.9
2026-03-27,KOSDAQ,우리기술,032820,23050,155.3,494.8,494.8,1038.3,819.9
2026-03-27,KOSDAQ,삼천당제약,000250,1117000,132.5,415.9,480.6,501.8,646.9
2026-03-27,KOSDAQ,삼표시멘트,038500,16330,94.4,432.8,396.4,425.1,610.5
2026-03-27,KOSDAQ,스피어,347700,48100,76.8,446.6,312.5,529.6,604.1
2026-03-27,KOSPI,대우건설,047040,16930,240.6,381.0,355.1,399.4,514.1
2026-03-27,KOSDAQ,앱클론,174900,72900,15.2,90.3,620.4,497.1,478.8
2026-03-27,KOSDAQ,현대무벡스,319400,25400,-19.6,169.9,434.7,581.9,473.6
2026-03-27,KOSDAQ,아주IB투자,027360,8870,85.2,328.5,305.0,280.7,454.4
2026-03-27,KOSDAQ,미래에셋벤처투자,100790,29450,67.3,213.6,358.0,505.3,437.5
2026-03-27,KOSDAQ,에이치브이엠,295310,95000,8.6,316.7,227.0,271.1,419.3
2026-03-27,KOSDAQ,휴림로봇,090710,12620,-14.4,136.8,394.9,478.9,405.5
2026-03-27,KOSPI,미래에셋증권,006800,64800,52.2,197.9,239.9,644.7,396.7
2026-03-27,KOSDAQ,로킷헬스케어,376900,123900,104.5,56.4,743.4,0.0,396.0
2026-03-27,KOSDAQ,쎄트렉아이,099320,176000,-10.4,259.9,247.1,242.4,382.1
2026-03-27,KOSDAQ,아이티센글로벌,124500,46000,-14.5,123.8,217.2,652.9,341.2
2026-03-27,KOSDAQ,RFHIC,218410,80400,68.0,192.9,205.7,404.4,324.4
2026-03-27,KOSDAQ,피에스케이,319660,79400,29.1,167.3,224.1,325.7,305.2
2026-03-27,KOSPI,SK스퀘어,402340,536000,-6.0,79.9,259.7,494.9,293.9
2026-03-27,KOSDAQ,오름테라퓨틱,475830,112100,-0.8,96.7,336.2,233.6,292.3
2026-03-27,KOSDAQ,인텔리안테크,189300,122900,16.9,197.9,166.9,253.2,289.0
2026-03-27,KOSDAQ,에스피지,058610,106500,-30.7,69.0,320.1,312.0,283.8
2026-03-27,KOSDAQ,ISC,095340,236000,56.6,110.9,305.5,266.5,283.4
2026-03-27,KOSDAQ,HLB이노베이션,024850,5060,100.0,198.7,223.7,79.8,266.8
2026-03-27,KOSDAQ,원익홀딩스,030530,29100,-31.2,22.8,234.9,612.4,264.4
2026-03-27,KOSDAQ,브이엠,089970,44400,47.8,77.6,261.3,365.4,256.2
2026-03-27,KOSDAQ,큐리언트,115180,39550,15.5,35.4,218.4,589.0,252.3
2026-03-27,KOSPI,한화시스템,272210,120750,28.2,161.4,137.2,295.3,251.1
2026-03-27,KOSPI,SK하이닉스,000660,901000,-0.9,70.0,234.9,373.7,248.4
2026-03-27,KOSPI,대덕전자,353200,83050,31.2,68.8,245.3,365.3,244.5
2026-03-27,KOSDAQ,기가비스,420770,82100,52.3,137.3,204.1,187.6,238.9
2026-03-27,KOSDAQ,큐리옥스바이오시스템즈,445680,112000,-5.0,16.7,164.8,709.2,238.6
2026-03-27,KOSDAQ,원익IPS,240810,116300,1.7,89.7,186.1,358.8,236.3
2026-03-27,KOSDAQ,온코닉테라퓨틱스,476060,23200,26.3,11.8,248.2,538.8,236.1
2026-03-27,KOSPI,미래에셋증권2우B,00680K,20300,29.8,110.0,147.3,401.9,236.1
2026-03-27,KOSDAQ,현대바이오,048410,14050,24.9,179.3,131.1,137.9,231.6
2026-03-27,KOSDAQ,로보티즈,108490,236000,-30.3,1.1,166.6,695.9,229.4
2026-03-27,KOSPI,한미반도체,042700,266000,26.1,115.2,205.7,184.5,226.7
2026-03-27,KOSDAQ,두산테스나,131970,100900,48.8,125.2,176.8,234.7,225.8
2026-03-27,KOSDAQ,비나텍,126340,115700,21.5,98.1,153.4,367.0,224.3
2026-03-27,KOSPI,현대건설,000720,144600,40.9,115.8,132.9,331.6,217.2
2026-03-27,KOSDAQ,파두,440110,50300,136.7,81.9,255.0,240.6,213.8
2026-03-27,KOSDAQ,에스티큐브,052020,19480,144.7,163.2,161.1,149.7,212.2
2026-03-27,KOSDAQ,유진로봇,056080,25400,-26.2,108.2,154.5,214.7,212.0
2026-03-27,KOSDAQ,제이에스링크,127120,37000,77.5,87.0,103.3,515.6,208.9
2026-03-27,KOSDAQ,주성엔지니어링,036930,69400,67.8,153.7,153.3,108.7,207.8
2026-03-27,KOSDAQ,비츠로셀,082920,35150,67.4,132.2,147.4,190.8,204.1
2026-03-27,KOSDAQ,뉴로메카,348340,62600,-31.8,103.6,180.1,120.8,203.4
2026-03-27,KOSDAQ,코오롱티슈진,950160,125800,19.8,47.3,239.5,246.6,203.0
2026-03-27,KOSDAQ,피에스케이홀딩스,031980,95600,21.2,112.4,178.7,131.8,201.4
2026-03-27,KOSDAQ,삼현,437730,48600,-27.5,20.6,241.1,274.4,197.4
2026-03-27,KOSDAQ,올릭스,226950,201000,45.8,56.2,225.2,241.8,196.8
2026-03-27,KOSDAQ,제주반도체,080220,39550,-8.7,109.8,146.0,152.6,193.1
2026-03-27,KOSPI,효성중공업,298040,2655000,2.0,39.7,114.1,513.9,191.2
2026-03-27,KOSDAQ,티에스이,131290,108700,38.8,94.1,189.5,142.6,190.8
2026-03-27,KOSDAQ,에코프로,086520,148700,-8.5,76.0,193.9,139.1,187.2
2026-03-27,KOSDAQ,에이프릴바이오,397030,63100,8.2,57.8,179.2,245.9,183.3
2026-03-27,KOSDAQ,비에이치아이,083650,92600,29.0,106.0,59.4,365.3,181.8
2026-03-27,KOSPI,LS ELECTRIC,010120,781000,38.0,69.8,174.5,225.4,180.6
2026-03-27,KOSDAQ,케이엠더블유,032500,28900,52.7,91.3,132.1,254.6,179.4
2026-03-27,KOSDAQ,프로티나,468530,79500,1.0,1.1,354.3,0.0,177.9
2026-03-27,KOSPI,삼성전자,005930,174500,8.7,73.6,150.4,220.2,176.4
2026-03-27,KOSPI,미래에셋생명,085620,17150,82.1,84.2,141.9,263.3,174.6
2026-03-27,KOSPI,현대오토에버,307950,385000,-16.6,90.6,119.2,192.3,173.9
2026-03-27,KOSPI,삼성전기,009150,424000,52.0,68.9,164.2,214.1,169.6
2026-03-27,KOSPI,현대차,005380,479500,-4.1,83.4,118.0,148.4,156.2
2026-03-27,KOSPI,키움증권,039490,426500,-3.8,56.2,107.5,273.5,154.2
2026-03-27,KOSDAQ,선익시스템,171090,89000,45.0,90.6,141.5,96.5,153.5
2026-03-27,KOSDAQ,클로봇,466100,48900,-34.0,20.7,155.5,228.0,146.7
2026-03-27,KOSDAQ,디앤디파마텍,347850,77200,-18.3,-18.6,96.0,539.4,144.7
2026-03-27,KOSDAQ,유진테크,084370,115900,4.4,45.2,141.7,176.0,141.4
2026-03-27,KOSPI,삼성전자우,005935,121600,3.6,62.1,114.8,172.0,140.8
2026-03-27,KOSDAQ,티씨케이,064760,230000,-3.4,59.2,110.0,186.8,140.4
2026-03-27,KOSDAQ,엘앤씨바이오,290650,72800,-21.0,25.5,134.5,236.3,139.1
2026-03-27,KOSPI,이수스페셜티케미컬,457190,96500,-9.3,85.6,116.1,50.8,138.5
2026-03-27,KOSDAQ,보로노이,310210,320000,42.9,35.9,159.1,186.5,137.0
2026-03-27,KOSDAQ,쏠리드,050890,14040,65.2,87.0,120.8,98.6,136.6
2026-03-27,KOSDAQ,하림지주,003380,14670,1.7,74.9,75.9,188.2,135.1
2026-03-27,KOSPI,한국항공우주,047810,181500,7.8,66.7,90.7,187.6,134.6
2026-03-27,KOSDAQ,인벤티지랩,389470,75800,2.6,23.1,70.7,404.7,134.2
2026-03-27,KOSDAQ,서진시스템,178320,42400,11.1,73.8,119.6,85.6,133.7
2026-03-27,KOSDAQ,테스,095610,59700,-17.3,51.3,98.7,187.7,131.4
2026-03-27,KOSDAQ,이오테크닉스,039030,398000,5.9,54.9,92.7,207.1,130.5
2026-03-27,KOSPI,두산,000150,1187000,39.5,35.5,112.0,268.1,130.1
2026-03-27,KOSDAQ,메지온,140410,90800,-47.3,16.4,124.2,222.0,129.1
2026-03-27,KOSDAQ,리노공업,058470,101800,-3.9,49.0,116.6,143.8,127.1
2026-03-27,KOSDAQ,메디포스트,078160,24550,2.3,30.9,132.0,182.2,126.7
2026-03-27,KOSPI,에이피알,278470,318000,17.8,24.5,40.1,440.8,124.2
2026-03-27,KOSDAQ,하나머티리얼즈,166090,63100,-5.7,39.4,134.1,113.5,122.5
2026-03-27,KOSPI,신세계,004170,335000,4.9,54.0,102.7,135.4,120.7
2026-03-27,KOSPI,LIG넥스원,079550,723000,50.2,88.8,47.7,167.3,118.3
2026-03-27,KOSDAQ,에스앤에스텍,101490,81600,-10.3,66.9,50.3,177.6,116.2
2026-03-27,KOSPI,OCI홀딩스,010060,173500,50.3,66.7,98.3,118.0,116.0
2026-03-27,KOSDAQ,태웅,044490,44700,45.8,87.8,18.9,223.0,115.1
2026-03-27,KOSDAQ,씨아이에스,222080,12360,-6.6,75.6,82.8,57.1,114.6
2026-03-27,KOSPI,한전기술,052690,154900,17.9,68.4,67.6,143.6,113.6
2026-03-27,KOSDAQ,에이비엘바이오,298380,177900,-10.0,-5.4,94.2,340.9,113.0
2026-03-27,KOSDAQ,하나마이크론,067310,30300,-19.7,17.9,117.2,176.7,112.2
2026-03-27,KOSPI,HD현대,267250,252000,7.7,28.2,83.8,245.7,112.1
2026-03-27,KOSDAQ,LS머트리얼즈,417200,19220,10.9,64.8,94.5,69.5,110.9
2026-03-27,KOSPI,일진전기,103590,74100,10.6,35.0,104.4,163.7,110.8
2026-03-27,KOSDAQ,대주전자재료,078600,137400,81.3,86.7,98.3,32.0,108.6
2026-03-27,KOSPI,NH투자증권,005940,33800,25.0,63.7,74.0,127.0,108.3
2026-03-27,KOSDAQ,SFA반도체,036540,6340,-19.1,51.9,83.2,98.7,106.7
2026-03-27,KOSPI,두산에너빌리티,034020,97200,7.3,27.2,57.5,282.7,105.6
2026-03-27,KOSDAQ,티에프이,425420,62200,60.7,35.8,64.3,283.7,105.4
2026-03-27,KOSDAQ,펄어비스,263750,58700,2.6,62.4,79.5,80.1,105.1
2026-03-27,KOSPI,엘앤에프,066970,157000,24.3,25.4,137.9,99.0,104.2
2026-03-27,KOSDAQ,솔브레인,357780,388000,-20.6,48.1,77.6,108.6,103.1
2026-03-27,KOSDAQ,태성,323280,57700,-22.4,42.6,103.2,55.9,101.4
2026-03-27,KOSDAQ,코오롱생명과학,102940,65400,0.9,6.9,128.7,150.6,99.8
2026-03-27,KOSDAQ,심텍,222800,55800,-7.8,3.0,118.8,176.2,98.6
2026-03-27,KOSPI,한화비전,489790,78900,27.7,82.0,48.0,64.5,97.0
2026-03-27,KOSPI,롯데쇼핑,023530,114800,36.7,60.6,73.7,81.9,94.3
2026-03-27,KOSDAQ,차바이오텍,085660,19400,-11.2,39.7,86.9,80.9,93.6
2026-03-27,KOSDAQ,원익QnC,074600,31350,10.0,54.4,76.0,70.3,93.6
2026-03-27,KOSDAQ,케어젠,214370,93100,-25.8,6.6,67.4,244.8,93.2
2026-03-27,KOSPI,한올바이오파마,009420,62600,21.6,33.8,109.7,77.3,93.0
2026-03-27,KOSPI,한국금융지주,071050,216000,0.2,34.7,60.7,171.4,92.3
2026-03-27,KOSPI,한화에어로스페이스,012450,1309500,0.7,53.7,48.1,123.9,91.7
2026-03-27,KOSPI,삼성SDI,006400,401500,2.9,34.1,94.0,83.1,90.3
2026-03-27,KOSPI,HD현대일렉트릭,267260,902000,1.5,16.4,83.1,177.1,89.8
2026-03-27,KOSDAQ,HPSP,403870,45350,-2.5,49.9,69.9,69.2,89.2
2026-03-27,KOSDAQ,레이크머티리얼즈,281740,20900,-21.9,56.6,73.6,11.5,88.7
2026-03-27,KOSPI,삼성생명,032830,219000,16.3,43.2,53.0,152.3,88.3
2026-03-27,KOSDAQ,레인보우로보틱스,277810,546000,-25.0,25.5,99.6,59.4,87.1
2026-03-27,KOSPI,S-Oil,010950,106550,0.6,38.9,76.7,87.3,86.8
2026-03-27,KOSPI,DB하이텍,000990,82600,-21.9,29.9,79.8,91.2,86.4
2026-03-27,KOSPI,LS,006260,263500,15.1,47.3,48.4,135.1,86.0
2026-03-27,KOSPI,대한전선,001440,27650,-6.0,24.5,76.5,130.0,85.1
2026-03-27,KOSPI,영원무역홀딩스,009970,218500,5.6,31.7,65.5,140.4,85.1
2026-03-27,KOSDAQ,에프에스티,036810,37450,-20.3,32.7,74.0,75.6,82.4
2026-03-27,KOSDAQ,에스티팜,237690,155900,-2.3,33.2,68.4,103.8,82.0
2026-03-27,KOSPI,신영증권,001720,205500,16.4,46.9,37.9,138.4,80.9
2026-03-27,KOSPI,에스엘,005850,58200,5.2,40.6,71.2,69.2,80.8
2026-03-27,KOSDAQ,와이씨,232140,18230,-7.6,41.0,65.7,65.4,80.3
2026-03-27,KOSDAQ,에코프로비엠,247540,204000,-12.1,36.1,68.3,71.4,79.7
2026-03-27,KOSPI,LG이노텍,011070,310500,26.7,31.0,83.6,91.2,79.5
2026-03-27,KOSDAQ,토모큐브,475960,57300,25.4,20.0,35.5,242.1,77.1
2026-03-27,KOSPI,한화,000880,107700,-5.9,35.6,28.5,165.6,77.1
2026-03-27,KOSDAQ,다우데이타,032190,23300,-16.8,37.1,42.2,113.8,76.8
2026-03-27,KOSPI,한미약품,128940,540000,11.6,18.3,78.2,125.0,76.4
2026-03-27,KOSPI,한화생명,088350,4630,32.9,53.8,47.7,76.4,75.6
2026-03-27,KOSDAQ,서부T&D,006730,13600,-22.7,23.2,44.8,143.3,74.2
2026-03-27,KOSPI,SK,034730,325000,-2.5,22.4,57.0,126.0,72.1
2026-03-27,KOSPI,고려아연,010130,1457000,-22.7,8.6,77.5,96.1,69.3
2026-03-27,KOSPI,삼성물산,028260,263000,-12.8,16.9,56.7,116.5,67.7
2026-03-27,KOSPI,SK텔레콤,017670,78700,8.6,47.1,45.2,40.5,66.7
2026-03-27,KOSDAQ,고영,098460,26500,-21.2,11.8,81.5,60.4,66.5
2026-03-27,KOSDAQ,태광,023160,34800,22.1,52.6,38.4,46.2,66.1
2026-03-27,KOSPI,HD건설기계,267270,129800,20.0,38.4,48.5,73.1,65.6
2026-03-27,KOSPI,한솔케미칼,014680,267500,-5.3,12.4,50.9,143.6,65.1
2026-03-27,KOSDAQ,동진쎄미켐,005290,45300,-19.1,25.3,51.3,72.9,64.3
2026-03-27,KOSPI,현대차우,005385,249500,-5.8,29.6,51.2,66.9,63.8
2026-03-27,KOSDAQ,휴온스글로벌,084110,69100,36.0,26.6,53.6,110.7,63.0
2026-03-27,KOSPI,기아,000270,153100,0.3,34.2,44.7,64.3,62.5
2026-03-27,KOSPI,포스코인터내셔널,047050,74000,18.6,38.1,54.2,42.6,62.3
2026-03-27,KOSDAQ,코미코,183300,105200,-17.0,21.3,27.5,139.9,62.2
2026-03-27,KOSPI,현대차2우B,005387,250500,-7.6,28.7,47.4,61.6,60.4
2026-03-27,KOSPI,현대글로비스,086280,229500,-5.2,39.6,24.5,76.4,60.2
2026-03-27,KOSPI,삼성증권,016360,96200,6.2,22.1,39.8,111.0,58.5
2026-03-27,KOSPI,더존비즈온,012510,119100,22.3,27.8,49.6,68.9,56.4
2026-03-27,KOSPI,DB손해보험,005830,169400,18.8,36.1,28.4,85.3,56.4
2026-03-27,KOSPI,우리금융지주,316140,33200,9.8,25.0,33.9,100.2,55.1
2026-03-27,KOSPI,GS,078930,66400,-3.3,17.7,45.9,84.2,54.7
2026-03-27,KOSPI,신한지주,055550,91900,9.0,17.8,40.7,100.4,52.9
2026-03-27,KOSPI,LG전자,066570,110000,11.0,28.5,48.8,39.4,52.9
2026-03-27,KOSPI,KB금융,105560,151000,11.7,21.0,39.6,92.8,52.8
2026-03-27,KOSDAQ,큐로셀,372320,51200,4.1,24.9,37.6,71.8,52.3
2026-03-27,KOSPI,현대모비스,012330,401500,-10.6,29.7,26.1,63.5,51.6
2026-03-27,KOSPI,KCC,002380,512000,4.7,22.8,28.6,97.3,51.1
2026-03-27,KOSPI,JB금융지주,175330,31050,23.5,28.8,32.1,80.1,50.5
2026-03-27,KOSPI,이수페타시스,007660,108200,-7.9,-24.9,62.5,187.4,50.4
2026-03-27,KOSDAQ,리가켐바이오,141080,215500,6.2,11.5,46.2,95.9,50.2
2026-03-27,KOSPI,CJ,001040,205000,-5.7,16.4,28.2,99.2,48.2
2026-03-27,KOSPI,포스코DX,022100,30950,-19.9,21.9,37.9,34.0,47.2
2026-03-27,KOSDAQ,코스메카코리아,241710,81700,-15.2,8.2,31.1,103.7,45.9
2026-03-27,KOSPI,삼성E&A,028050,32350,5.0,26.6,11.2,97.5,45.4
2026-03-27,KOSPI,iM금융지주,139130,17340,11.9,21.3,26.5,87.3,45.3
2026-03-27,KOSPI,산일전기,062040,147200,-0.2,2.6,31.7,127.5,43.5
2026-03-27,KOSDAQ,유일로보틱스,388720,90900,-34.3,11.1,31.2,60.3,43.4
2026-03-27,KOSDAQ,테크윙,089030,51400,2.8,9.1,57.2,36.0,42.5
2026-03-27,KOSPI,이마트,139480,97600,7.3,24.8,36.5,28.3,42.3
2026-03-27,KOSPI,하나금융지주,086790,107500,7.4,15.2,30.8,80.7,42.2
2026-03-27,KOSPI,BNK금융지주,138930,18350,10.5,21.9,27.4,64.4,42.0
2026-03-27,KOSDAQ,씨엠티엑스,388210,138300,3.8,51.6,0.0,0.0,40.6
2026-03-27,KOSDAQ,펩트론,087010,305000,-0.2,-10.3,-1.5,247.0,40.5
2026-03-27,KOSDAQ,솔브레인홀딩스,036830,48800,-17.1,18.7,24.0,49.2,40.3
2026-03-27,KOSDAQ,에스에프에이,056190,27200,-19.5,23.6,18.3,38.1,39.6
2026-03-27,KOSPI,에코프로머티,450080,73500,8.9,26.7,45.5,-15.3,39.3
2026-03-27,KOSDAQ,피엔티,137400,50600,-4.3,23.1,31.6,13.5,37.9
2026-03-27,KOSDAQ,코나아이,052400,55300,-10.1,13.0,9.1,104.1,37.7
2026-03-27,KOSPI,포스코퓨처엠,003670,209500,-6.3,1.5,48.3,53.0,37.1
2026-03-27,KOSPI,오리온,271560,133300,13.4,26.4,23.7,30.8,36.4
2026-03-27,KOSPI,한화솔루션,009830,34250,23.9,22.5,20.8,59.3,35.5
2026-03-27,KOSDAQ,LS마린솔루션,060370,28000,-13.3,3.7,21.7,92.3,35.0
2026-03-27,KOSDAQ,나노신소재,121600,67700,-2.0,24.0,29.0,-4.8,33.1
2026-03-27,KOSPI,두산로보틱스,454910,82300,-27.9,6.2,31.7,30.4,32.5
2026-03-27,KOSPI,삼성중공업,010140,25450,-13.6,3.5,19.5,82.4,31.7
2026-03-27,KOSDAQ,오스코텍,039200,54000,-2.9,-12.9,46.9,84.6,30.6
2026-03-27,KOSPI,기업은행,024110,23250,5.0,13.1,22.2,49.1,30.5
2026-03-27,KOSDAQ,덕산네오룩스,213420,51800,32.7,23.0,9.5,67.9,30.2
2026-03-27,KOSPI,현대로템,064350,180600,-21.6,2.8,-6.0,130.9,29.8
2026-03-27,KOSPI,롯데케미칼,011170,80600,-3.4,11.6,26.9,29.2,29.3
2026-03-27,KOSPI,한국타이어앤테크놀로지,161390,57400,-9.6,-6.7,43.0,51.5,28.4
2026-03-27,KOSPI,한화오션,042660,120200,-13.2,11.5,7.3,61.8,27.9
2026-03-27,KOSPI,한화엔진,082740,45600,-16.2,8.1,-4.0,101.3,27.9
2026-03-27,KOSPI,영원무역,111770,80200,-11.8,-8.3,36.6,68.3,27.7
2026-03-27,KOSPI,KT,030200,60500,6.3,20.0,11.8,28.7,26.4
2026-03-27,KOSDAQ,동국제약,086450,20850,11.0,11.4,22.9,34.1,25.2
2026-03-27,KOSPI,KT&G,033780,155900,1.3,7.1,15.7,58.6,25.0
2026-03-27,KOSDAQ,성광벤드,014620,33275,1.9,27.0,-0.5,19.7,24.9
2026-03-27,KOSPI,셀트리온,068270,206500,-1.7,11.3,23.2,16.5,24.2
2026-03-27,KOSPI,한전KPS,051600,58600,4.6,9.9,16.5,39.7,23.2
2026-03-27,KOSPI,에스원,012750,86500,8.7,15.3,8.0,41.8,22.9
2026-03-27,KOSPI,POSCO홀딩스,005490,338500,-2.6,9.4,18.6,24.2,22.1
2026-03-27,KOSPI,LG,003550,85900,-6.3,9.0,15.3,29.2,22.0
2026-03-27,KOSPI,아모레퍼시픽,090430,138900,0.1,11.7,15.5,18.5,20.8
2026-03-27,KOSPI,엔씨소프트,036570,228000,-2.8,8.6,12.3,34.0,20.4
2026-03-27,KOSPI,한국전력,015760,43050,-26.2,-18.0,18.4,101.6,20.4
2026-03-27,KOSPI,삼성에피스홀딩스,0126Z0,522000,-13.9,21.7,0.0,0.0,20.1
2026-03-27,KOSPI,롯데지주,004990,30500,-2.9,11.1,4.5,39.6,19.6
2026-03-27,KOSPI,한진칼,180640,115300,2.1,12.6,3.1,38.7,19.0
2026-03-27,KOSDAQ,HLB,028300,51300,-7.6,9.4,35.9,-42.6,18.5
2026-03-27,KOSPI,LG유플러스,032640,15820,-1.1,5.0,6.5,49.5,17.4
2026-03-27,KOSPI,현대제철,004020,34150,9.3,13.1,6.4,28.1,17.4
2026-03-27,KOSPI,서울보증보험,031210,53500,7.2,8.5,22.6,0.0,16.7
2026-03-27,KOSPI,금호석유화학,011780,123700,-14.2,5.8,12.9,12.8,16.5
2026-03-27,KOSDAQ,지투지바이오,456160,78700,1.4,-6.5,42.9,0.0,16.0
2026-03-27,KOSPI,현대엘리베이터,017800,85300,-9.6,-1.7,8.8,55.1,16.0
2026-03-27,KOSPI,두산밥캣,241560,58900,0.2,6.7,10.3,25.3,15.5
2026-03-27,KOSPI,대한조선,439260,85400,22.7,24.7,-0.6,0.0,14.9
2026-03-27,KOSDAQ,HK이노엔,195940,52100,-7.5,-0.2,8.3,44.7,14.4
2026-03-27,KOSPI,대한항공,003490,25050,7.5,14.6,5.5,6.1,14.2
2026-03-27,KOSPI,카카오페이,377300,52900,-16.6,6.7,-11.5,54.5,13.8
2026-03-27,KOSPI,현대해상,001450,31150,10.7,3.7,11.6,34.0,13.4
2026-03-27,KOSDAQ,필옵틱스,161580,38600,-30.1,-8.9,26.6,1.6,12.5
2026-03-27,KOSDAQ,파크시스템스,140860,252500,-16.8,6.5,-1.2,22.0,12.4
2026-03-27,KOSDAQ,젬백스,082270,40500,-5.9,22.7,-18.8,8.1,11.6
2026-03-27,KOSPI,하이브,352820,299500,-19.9,0.0,4.4,16.3,9.4
2026-03-27,KOSDAQ,셀트리온제약,068760,57800,-20.9,-4.8,14.0,8.6,9.1
2026-03-27,KOSPI,카카오뱅크,323410,24350,6.3,12.5,-1.2,-1.2,7.9
2026-03-27,KOSPI,삼성카드,029780,54000,-4.9,-1.6,6.9,20.1,7.2
2026-03-27,KOSPI,HD현대중공업,329180,489500,-14.9,-8.5,-5.9,65.4,6.3
2026-03-27,KOSPI,한온시스템,018880,3875,18.3,2.9,16.6,-5.9,5.8
2026-03-27,KOSPI,LG씨엔에스,064400,60200,-13.6,3.8,-11.5,24.5,4.9
2026-03-27,KOSDAQ,신성델타테크,065350,58300,-26.9,6.2,-2.8,-20.0,4.9
2026-03-27,KOSPI,LG에너지솔루션,373220,387500,-2.6,-5.0,10.1,10.1,3.6
2026-03-27,KOSPI,삼성에스디에스,018260,155100,-10.4,-8.0,5.3,25.8,3.5
2026-03-27,KOSPI,삼성바이오로직스,207940,1575000,-9.7,-2.0,6.9,-4.1,3.0
2026-03-27,KOSPI,강원랜드,035250,18090,3.7,0.6,0.2,12.6,2.3
2026-03-27,KOSPI,동서,026960,27150,4.4,-0.9,-0.4,15.5,1.3
2026-03-27,KOSPI,HD한국조선해양,009540,361000,-12.7,-12.0,-11.2,68.7,1.1
2026-03-27,KOSDAQ,세미파이브,490470,27350,-3.9,0.0,0.0,0.0,0.8
2026-03-27,KOSPI,LG화학,051910,314000,1.1,-16.0,13.2,33.9,0.3
2026-03-27,KOSDAQ,에임드바이오,0009K0,53600,-1.7,0.0,0.0,0.0,0.3
2026-03-27,KOSDAQ,리브스메드,491000,75900,-0.1,0.0,0.0,0.0,0.0
2026-03-27,KOSDAQ,아이엠바이오로직스,493280,75200,0.0,0.0,0.0,0.0,0.0
2026-03-27,KOSPI,SK이노베이션,096770,110800,-1.1,-3.7,9.8,-11.9,-0.2
2026-03-27,KOSDAQ,휴젤,145020,259000,-6.3,13.3,-17.9,-18.3,-0.7
2026-03-27,KOSPI,맥쿼리인프라,088980,11410,2.0,-1.0,-2.1,1.9,-1.8
2026-03-27,KOSPI,메리츠금융지주,138040,113900,-2.3,4.9,-10.0,-5.7,-1.8
2026-03-27,KOSPI,CJ제일제당,097950,216000,1.2,3.1,-5.7,-8.9,-2.4
2026-03-27,KOSPI,넷마블,251270,51800,-1.9,-2.3,-13.5,28.7,-2.5
2026-03-27,KOSPI,삼성화재,000810,437500,-12.7,-9.1,-1.5,14.4,-2.6
2026-03-27,KOSDAQ,클래시스,214150,53700,-27.7,-8.4,2.9,-14.9,-2.7
2026-03-27,KOSPI,HD현대마린솔루션,443060,178300,-2.8,-4.2,-16.3,40.7,-2.8
2026-03-27,KOSPI,HMM,011200,19380,-3.1,1.3,-12.3,-1.1,-4.7
2026-03-27,KOSDAQ,실리콘투,257720,38550,-27.3,-15.1,-14.1,44.7,-4.8
2026-03-27,KOSDAQ,노타,486990,40250,-6.7,-8.9,0.0,0.0,-5.8
2026-03-27,KOSPI,NAVER,035420,210500,-23.5,-13.7,-1.9,1.7,-6.9
2026-03-27,KOSPI,LG디스플레이,034220,11135,-4.6,-11.2,-7.2,21.7,-7.3
2026-03-27,KOSDAQ,알지노믹스,476830,225500,51.3,0.0,0.0,0.0,-10.3
2026-03-27,KOSPI,SKC,011790,96800,-17.3,-12.9,3.2,-25.5,-10.4
2026-03-27,KOSDAQ,하이젠알앤엠,160190,36600,-56.5,-35.3,6.2,16.4,-10.6
2026-03-27,KOSDAQ,CJ ENM,035760,58900,-21.3,-7.2,-17.5,-3.0,-10.9
2026-03-27,KOSDAQ,씨젠,096530,23100,-19.2,-10.1,-11.0,-6.3,-11.0
2026-03-27,KOSDAQ,JYP Ent.,035900,63900,-13.4,-6.0,-12.1,-24.2,-13.0
2026-03-27,KOSDAQ,스튜디오드래곤,253450,37600,-23.7,-5.3,-16.6,-26.8,-13.2
2026-03-27,KOSDAQ,루닛,328130,34200,-9.1,-8.8,-4.1,-40.3,-15.3
2026-03-27,KOSPI,한국가스공사,036460,34950,-13.0,-15.8,-11.6,0.1,-15.8
2026-03-27,KOSPI,삼양식품,003230,1212000,2.7,-16.1,-22.6,40.9,-16.6
2026-03-27,KOSDAQ,네이처셀,007390,17670,-30.0,-20.4,-16.1,3.9,-17.6
2026-03-27,KOSDAQ,제이앤티씨,204270,16570,-32.0,-22.2,-7.0,-21.5,-19.2
2026-03-27,KOSPI,카카오,035720,48100,-21.7,-18.1,-23.0,11.5,-19.3
2026-03-27,KOSPI,크래프톤,259960,249500,-1.8,-3.1,-23.8,-27.4,-19.5
2026-03-27,KOSDAQ,카카오게임즈,293490,13200,-25.7,-15.4,-18.5,-17.4,-19.9
2026-03-27,KOSPI,SK바이오사이언스,302440,42300,-16.6,-22.8,-10.5,-0.6,-20.3
2026-03-27,KOSPI,LG생활건강,051900,245000,-6.7,-11.4,-17.1,-23.3,-21.0
2026-03-27,KOSDAQ,지아이이노베이션,358570,14570,-7.8,-22.5,-12.7,-0.6,-22.9
2026-03-27,KOSPI,유한양행,000100,99400,-8.0,-18.5,-12.4,-18.5,-23.1
2026-03-27,KOSPI,SK바이오팜,326030,98000,-16.9,-29.9,-0.6,-14.0,-23.6
2026-03-27,KOSDAQ,디어유,376300,31900,-15.3,-5.8,-35.5,-25.8,-24.5
2026-03-27,KOSPI,코웨이,021240,73100,-12.4,-15.0,-29.8,-9.8,-26.4
2026-03-27,KOSDAQ,알테오젠,196170,384000,-7.0,-28.0,-12.4,-0.8,-27.3
2026-03-27,KOSDAQ,에스엠,041510,90400,-22.1,-16.4,-34.9,-10.0,-28.1
2026-03-27,KOSDAQ,와이지엔터테인먼트,122870,56000,-25.0,-13.7,-44.9,-11.1,-30.6
2026-03-27,KOSDAQ,파마리서치,214450,308500,-34.8,-34.4,-54.6,6.0,-46.6
2026-03-27,KOSDAQ,엔켐,348370,43250,-55.0,-43.1,-42.3,-58.8,-56.4
