Unnamed: 0,기준일(월말),Year,종목코드,기준가,1개월(%),3개월(%),6개월(%),12개월(%),다음달수익률(%),12-1개월(%),6-1개월(%),3-1개월(%),모멘텀스코어
30886,2007-10-31,2007,SCHW,18.39,7.59,15.45,28.13,35.19,4.83,25.652941723208468,19.09099358676456,7.305511664652853,17.349815658208627
30887,2007-10-31,2007,ABT,17.33,2.48,8.4,-2.35,17.73,5.29,14.880952380952394,-4.7131147540983465,5.776736924277914,5.314858183710654
30888,2007-10-31,2007,AMAT,14.39,-6.18,-11.64,1.62,12.94,-2.72,20.379450010658708,8.313792368364957,-5.8196546578554775,7.624529240389396
30889,2007-10-31,2007,AXP,45.81,2.92,4.38,0.96,6.5,-3.23,3.478429848425968,-1.9043917605907401,1.4185775359502717,0.9975385412618332
30890,2007-10-31,2007,MCD,35.12,9.69,24.82,23.76,46.01,0.43,33.11149603427841,12.827058072750486,13.793417813839003,19.910657306955965
30891,2007-10-31,2007,EIX,29.42,4.87,10.51,12.24,33.83,-3.73,27.6151425574521,7.027748641174791,5.378087155525879,13.340326118050925
30892,2007-10-31,2007,CF,12.13,15.79,52.98,121.66,344.56,3.53,283.93643665256076,91.432766214699,32.1184903704983,135.8292310792527
30893,2007-10-31,2007,SPG,44.05,4.33,21.72,-7.94,10.96,-4.83,6.354835617751364,-11.76075912968465,16.668264161794323,3.754113549953679
30894,2007-10-31,2007,AAPL,5.69,23.77,44.16,90.33,134.27,-4.07,89.2785004443726,53.777167326492695,16.474105195119982,53.17659098866176
30895,2007-10-31,2007,INTC,16.33,4.02,14.42,26.35,28.6,-2.64,23.630071140165356,21.467025572005394,9.998077292828311,18.365058001666355
30896,2007-10-31,2007,MUR,35.06,5.35,19.06,33.58,57.99,-2.63,49.96677740863784,26.796392975794948,13.01376364499285,29.925644676475212
30897,2007-10-31,2007,HST,11.7,-1.25,5.87,-12.02,-0.4,-13.4,0.8607594936708818,-10.906329113924052,7.210126582278464,-0.945147679324902
30898,2007-10-31,2007,DHR,17.17,3.58,14.76,20.43,19.52,1.34,15.38907124927591,16.267619231511855,10.793589496041701,14.150093325609822
30899,2007-10-31,2007,COP,34.42,-2.73,5.61,24.43,44.13,-5.79,48.17518248175183,27.922278194715734,8.57407217024777,28.223844282238446
30900,2007-10-31,2007,AN,17.69,-0.17,-9.19,-13.45,-11.77,-6.73,-11.619753581087844,-13.302614444555738,-9.035360112190716,-11.319242712611432
30901,2007-10-31,2007,DVA,32.6,3.18,23.14,19.37,17.18,-4.95,13.568521031207581,15.691025392517922,19.34483427020741,16.20146023131097
30902,2007-10-31,2007,BAX,22.88,6.63,14.44,6.61,33.51,-0.23,25.208665478758306,-0.018756447528833764,7.324392760011267,10.838100597080247
30903,2007-10-31,2007,MAR,31.68,-5.43,-0.89,-8.77,-0.99,-8.78,4.694934968806175,-3.5317754044623006,4.800676747382893,1.9879454372422556
30904,2007-10-31,2007,WMB,12.72,7.13,13.51,24.49,51.33,-4.88,41.25828432745264,16.204611220013064,5.955381312424168,21.13942561996329
30905,2007-10-31,2007,ZION,41.27,-13.92,-20.24,-26.93,-24.94,-6.95,-12.802044609665442,-15.113847583643125,-7.342007434944242,-11.752633209417603
30906,2007-10-31,2007,BXP,50.55,4.27,15.42,-6.59,9.28,-9.16,4.804833605063785,-10.415268054090332,10.693392154982263,1.694319235318572
30907,2007-10-31,2007,KMB,35.18,0.9,6.2,1.12,9.83,-1.52,8.850346878097138,0.2180376610505741,5.252725470763142,4.7737033366369515
30908,2007-10-31,2007,KSS,28.32,-4.12,-9.59,-25.76,-22.14,-10.35,-18.79432624113475,-22.569879015435966,-5.705047976637456,-15.689751077736057
30909,2007-10-31,2007,BF-B,11.14,-1.24,11.81,16.72,6.98,-4.51,8.323207776427699,18.18550020251113,13.213851761846907,13.24085324692858
30910,2007-10-31,2007,OXY,40.19,7.76,22.26,37.3,49.66,1.04,38.88270230141055,27.412769116555324,13.455827765404615,26.58376639445683
30911,2007-10-31,2007,IVZ,15.7,12.31,22.53,30.17,35.53,-14.38,20.674917638678657,15.902412964117186,9.099813017540747,15.225714540112195
30912,2007-10-31,2007,CAG,9.69,-8.45,-5.63,-1.99,-6.57,5.44,2.053522665210261,7.056253413435276,3.0802839978153917,4.063353358820311
30913,2007-10-31,2007,TT,23.12,-7.56,0.43,13.63,39.46,2.93,50.86542622241454,22.92297706620512,8.643444396365197,27.47728256166162
30914,2007-10-31,2007,ETN,28.62,-6.52,-4.32,4.73,30.41,-3.08,39.505776636713755,12.0346598202824,2.3534445870774467,17.9646270146912
30915,2007-10-31,2007,HAS,16.77,7.65,7.12,-4.51,17.55,-6.97,9.19647004180213,-11.295866233163032,-0.4923362749651772,-0.8639108221086933
30916,2007-10-31,2007,HD,19.67,-2.87,-14.68,-15.78,-13.55,-8.61,-10.995572943477816,-13.291465046844431,-12.158962215587366,-12.148666735303204
30917,2007-10-31,2007,ADBE,47.9,9.71,18.89,15.26,25.23,-12.03,14.14638592653359,5.058791359037462,8.367514356029538,9.190897213866863
30918,2007-10-31,2007,AFL,20.04,10.06,20.92,23.25,41.92,0.12,28.947846629111385,11.984372160639634,9.867345084499357,16.933187958083458
30919,2007-10-31,2007,CMI,39.4,-6.2,1.29,30.72,90.82,-2.35,103.43283582089553,39.36034115138594,7.9850746268656625,50.259417199715706
30920,2007-10-31,2007,IP,17.01,3.04,0.45,-0.65,13.99,-8.02,10.626940993788804,-3.5811335403726607,-2.5135869565217406,1.5107401656314672
30921,2007-10-31,2007,MBI,18.55,-29.5,-22.86,-37.45,-29.19,-15.17,0.439716312056726,-11.276595744680872,9.418439716312044,-0.47281323877070075
30922,2007-10-31,2007,AEE,26.07,2.97,14.1,5.4,4.92,-0.39,1.8937554627561193,2.359910653588426,10.808973487423511,5.020879867922686
30923,2007-10-31,2007,PRU,48.81,-0.88,9.13,1.81,27.22,-1.48,28.34947538337369,2.71388216303472,10.098870056497166,13.720742534301857
30924,2007-10-31,2007,NKE,12.86,12.96,17.77,23.85,45.73,-0.92,29.01026912181304,9.640580736543903,4.258144475920678,14.302998111425874
30925,2007-10-31,2007,PCG,32.75,2.36,15.15,-1.8,16.85,-5.44,14.1559202813599,-4.0640875341930505,12.495115279406011,7.528982675524287
30926,2007-10-31,2007,TIE,35.2,4.89,5.33,1.94,19.4,-15.71,13.83353989894176,-2.8124702068833884,0.4194870817046281,3.8135189245876666
30927,2007-10-31,2007,D,21.14,8.7,9.7,2.13,16.96,3.53,7.598896044158243,-6.044158233670638,0.9199632014719406,0.8249003373198486
30928,2007-10-31,2007,INTU,28.34,6.17,12.33,13.08,-8.87,-8.86,-14.165960252425357,6.508429876612976,5.8020156353018715,-0.6185049135035033
30929,2007-10-31,2007,ANDV,50.78,31.53,21.8,0.26,90.28,-18.58,44.666615981144965,-23.774043944347312,-7.397551889302834,4.4983400491649395
30930,2007-10-31,2007,XOM,47.79,-0.62,8.49,16.85,30.99,-2.7,31.807204668947485,17.578989736365468,9.166834373113296,19.517676259475415
30931,2007-10-31,2007,VRSN,28.59,1.04,14.82,24.64,64.85,19.98,63.15320665083135,23.357086302454476,13.638163103721324,33.38281868566905
30932,2007-10-31,2007,SO,16.15,1.05,10.25,-0.81,5.2,3.76,4.106877783275609,-1.84067293419099,9.1044037605146,3.7902028698664068
30933,2007-10-31,2007,ETR,28.09,10.69,20.79,7.2,43.0,0.33,29.189628692745508,-3.152949679284478,9.1245821664107,11.720420393290576
30934,2007-10-31,2007,CTSH,18.29,3.92,2.4,-7.25,10.15,-24.99,5.994996150885301,-10.74865280985373,-1.4626635873748906,-2.0721067487811067
30935,2007-10-31,2007,MS,44.94,7.18,5.72,-2.8,7.56,-21.62,0.3545437581638389,-9.31143870125024,-1.3621944392610663,-3.439696460782489
30936,2007-10-31,2007,LMT,63.14,1.43,12.13,15.27,28.43,0.95,26.61934338952974,13.644878241151549,10.549147195109931,16.937789608597075
30937,2007-10-31,2007,PSKY,18.98,-8.89,-8.79,-8.33,2.07,-3.52,12.02941499286576,0.6146416419712475,0.1097574360662934,4.2512713569677665
30938,2007-10-31,2007,AMD,13.08,-0.91,-3.4,-5.35,-38.5,-25.38,-37.935210414774446,-4.480775052982134,-2.5128670905237738,-14.976284186093451
30939,2007-10-31,2007,MCK,57.2,12.43,14.56,12.58,32.53,1.04,17.877790625277946,0.13341634794981072,1.8945121408876497,6.6352397047051355
30940,2007-10-31,2007,T,8.52,-0.11,7.92,10.42,28.12,-8.57,28.261087195915515,10.541595755330867,8.038842726999684,15.613841892748688
30941,2007-10-31,2007,NDAQ,12.47,23.94,51.77,43.43,30.7,-7.15,5.45425205744714,15.725350976278829,22.454413425851214,14.544672153192394
30942,2007-10-31,2007,CBE,52.39,2.54,-1.0,3.33,15.03,-4.14,12.180612443924321,0.7704310512970602,-3.452311293153898,3.166244067355828
30943,2007-10-31,2007,SYY,19.85,-3.13,8.15,5.91,0.21,-5.19,3.447919892639617,9.332094559719195,11.644471972746961,8.141495475035258
30944,2007-10-31,2007,LEG,9.05,1.41,-5.39,-15.96,-14.12,5.92,-15.314071590572919,-17.12848831476186,-6.70545311113302,-13.04933767215593
30945,2007-10-31,2007,WTW,75.26,3.4,4.92,4.4,14.0,-5.65,10.25145067698261,0.9671179883945946,1.4700193423597518,4.229529335912319
30946,2007-10-31,2007,QCOM,27.43,1.11,2.97,-1.77,18.97,-4.56,17.663930372861223,-2.848382949263195,1.8395806547324645,5.551709359443497
30948,2007-10-31,2007,CPB,20.42,0.55,1.02,-4.35,1.08,-0.7,0.5271009448035713,-4.873197414221786,0.4674291397314789,-1.2928891098955786
30949,2007-10-31,2007,VLO,36.33,4.84,5.31,0.64,35.57,-7.41,29.311331552842447,-4.006104540251821,0.44830217474245426,8.584509729111028
30950,2007-10-31,2007,CSCO,21.28,-0.21,14.35,23.64,37.01,-15.25,37.298326485619796,23.90019039983966,14.590640344723926,25.263052410061125
30951,2007-10-31,2007,GWW,66.16,-1.39,3.35,9.73,25.53,-1.41,27.29946252915527,11.276746780245418,4.80681472467297,14.461008011357885
30952,2007-10-31,2007,HUM,65.44,7.26,16.94,18.52,24.92,2.78,16.464665299272795,10.49785567779229,9.02479955248927,11.995773509851452
30953,2007-10-31,2007,NSC,33.74,0.01,-3.0,-1.62,0.45,-0.85,0.4399560043995665,-1.6298370162983633,-3.0096990300969906,-1.3998600139985957
30954,2007-10-31,2007,BA,72.0,-6.1,-4.36,6.77,25.26,-5.8,33.3972310969116,13.70607028753994,1.8530351437699544,16.3187788427405
30955,2007-10-31,2007,ATI,85.41,-7.08,-2.51,-6.53,30.45,-4.33,40.389582436504526,0.5919070167886398,4.918209212225566,15.299899555172908
30956,2007-10-31,2007,PEG,23.93,8.65,11.74,12.1,61.37,0.15,48.522779567418326,3.1753336401288523,2.8439944776806225,18.180702561742603
30957,2007-10-31,2007,M,17.35,-0.9,-10.81,-26.5,-26.03,-7.43,-25.358224016145304,-25.83249243188699,-9.999999999999998,-20.39690548267743
30958,2007-10-31,2007,VTRS,12.19,-5.76,-6.18,-31.19,-25.97,-4.39,-21.44524617996605,-26.98429541595926,-0.4456706281833589,-16.291737408036223
30959,2007-10-31,2007,FLS,19.54,3.65,9.47,29.95,49.98,19.16,44.69850458273035,25.37385431741439,5.6150506512301135,25.229136517124953
30960,2007-10-31,2007,ADI,21.48,-7.47,-5.14,-12.49,7.26,-8.01,15.919161353074674,-5.4252674808170305,2.518102237112285,4.337332036456643
30961,2007-10-31,2007,ORCL,17.73,2.4,15.95,17.93,20.03,-8.98,17.216796874999996,15.166015624999996,13.232421875,15.205078124999998
30962,2007-10-31,2007,AIV,1.02,3.55,12.24,-13.3,-14.5,-13.6,-17.431192660550465,-16.272332206663453,8.392081120231776,-8.437147915660713
30963,2007-10-31,2007,EOG,30.75,22.63,26.53,20.92,33.78,-6.57,9.092391747533245,-1.3944385550028415,3.180298458778452,3.6260838837696188
30964,2007-10-31,2007,AES,13.66,6.84,8.96,-2.64,-2.64,2.06,-8.873081242980152,-8.873081242980152,1.9842755522276212,-5.253962311244227
30965,2007-10-31,2007,EMN,19.13,-0.21,-2.57,-0.27,12.5,-3.57,12.736747169055018,-0.06012626515683461,-2.364966429501947,3.437218158132078
30966,2007-10-31,2007,GLW,15.98,-1.54,2.02,2.53,19.04,0.32,20.901889092017043,4.13365833841155,3.6156814950233596,9.550409641817318
30967,2007-10-31,2007,GIS,15.69,0.2,4.5,-2.31,4.31,4.19,4.1017964071856206,-2.504990019960085,4.291417165668654,1.962741184298063
30968,2007-10-31,2007,FHN,15.8,-2.18,-16.51,-31.66,-30.33,-15.34,-28.777346145982406,-30.136986301369863,-14.64935595992639,-24.521229469092887
30969,2007-10-31,2007,PWR,32.36,24.76,16.07,20.04,80.33,-17.03,44.54151971785829,-3.7832638666239315,-6.965373517152928,11.264294111360478
30970,2007-10-31,2007,TXT,64.32,11.25,23.12,37.22,54.72,-0.23,39.07415730337078,23.34382022471908,10.669662921348323,24.362546816479394
30971,2007-10-31,2007,NOC,50.79,7.21,10.41,14.66,28.42,-5.33,19.783602275907096,6.948978640052239,2.9847961943848533,9.90579237011473
30972,2007-10-31,2007,TSN,11.23,-11.48,-25.68,-24.34,10.27,-5.36,24.57071848169905,-14.527790329868962,-16.041572525982815,-1.9995481247175757
30973,2007-10-31,2007,DOV,21.56,-9.72,-9.42,-3.64,-1.65,1.05,8.93885688967655,6.734603455914923,0.33229951262736535,5.335253286072946
30974,2007-10-31,2007,AET,50.78,3.5,16.85,19.82,36.4,-0.44,31.78743961352657,15.768115942028981,12.898550724637703,20.15136876006442
30975,2007-10-31,2007,PNC,43.07,6.9,9.23,-0.88,6.58,1.46,-0.2993451824134574,-7.2778297474275,2.1796071094480896,-1.7991892734642894
30976,2007-10-31,2007,ADM,22.18,8.16,6.84,-6.94,-5.88,1.92,-12.980769230769218,-13.960798816568044,-1.2204142011834174,-9.38732741617356
30977,2007-10-31,2007,AMP,42.87,-0.21,4.76,6.44,23.41,-6.59,23.669706383405153,6.663994388215255,4.9804589638240415,11.771386578481483
30978,2007-10-31,2007,GNW,26.38,-10.88,-10.27,-24.75,-17.46,-3.88,-7.38330341113106,-15.563285457809695,0.6844703770197524,-7.420706163973667
30979,2007-10-31,2007,CCL,33.47,-0.93,9.14,-0.36,0.92,-5.1,1.8673665085293223,0.5753507620874121,10.164530130210947,4.202415800275894
30980,2007-10-31,2007,APH,4.83,11.34,29.27,26.19,30.62,-2.08,17.316328363571042,13.337524699119818,16.10382611819652,15.585893060295794
30981,2007-10-31,2007,TPR,23.59,-22.66,-19.58,-25.13,-7.77,1.59,19.25265063356607,-3.193690199120758,3.9824153090251,6.680458581156803
30982,2007-10-31,2007,VNO,39.97,2.96,6.03,-4.34,-2.34,-19.44,-5.147630147630156,-7.090132090132095,2.981740481740469,-3.0853405853405937
30983,2007-10-31,2007,NBR,1199.63,-8.74,-3.97,-12.58,-9.07,-4.2,-0.36160420775804836,-4.207758053911903,5.226824457593704,0.2191540653079175
30984,2007-10-31,2007,ADP,27.53,7.9,7.32,11.83,13.16,-9.08,4.874884151992576,3.6422613531047476,-0.5375347544022246,2.6598702502316995
30985,2007-10-31,2007,FITB,17.97,-7.67,-14.17,-21.19,-18.07,-4.38,-11.263944546734539,-14.643127910754894,-7.039965341709076,-10.98234593306617
30986,2007-10-31,2007,WY,14.85,4.99,7.46,-2.62,23.47,-2.8,17.60167635012857,-7.248309362796457,2.352605010000941,4.235323999111018
30987,2007-10-31,2007,HSY,27.21,-7.11,-5.87,-20.63,-16.72,-6.73,-10.345570029066643,-14.554849822370542,1.3349122618150355,-7.855169196540717
30988,2007-10-31,2007,TROW,35.25,15.35,23.61,30.12,37.67,-4.3,19.34980494148244,12.804508019072403,7.160814911140001,13.10504262389828
30989,2007-10-31,2007,AIZ,40.92,9.23,15.49,2.02,11.87,12.16,2.4169184290030232,-6.600750709512049,5.731026274832929,0.5157313314413011
30990,2007-10-31,2007,DVN,58.25,12.26,25.41,28.63,40.77,-11.34,25.396401211473353,14.58221984678425,11.713878496347752,17.23083318486845
30991,2007-10-31,2007,WHR,42.72,-11.13,-22.1,-24.69,-7.25,2.8,4.365927759648924,-15.258242376505017,-12.343873073028021,-7.745395896628037
30992,2007-10-31,2007,AEP,23.25,4.62,11.77,-2.46,20.41,-0.26,15.09271649780155,-6.767348499330906,6.834257312177394,5.05320843688268
30993,2007-10-31,2007,AIG,770.41,-6.7,-1.36,-9.23,-5.07,-7.91,1.7470525187566865,-2.711682743837096,5.723472668810281,1.586280814576624
30994,2007-10-31,2007,WFC,20.73,-4.52,1.61,-3.64,-3.21,-3.74,1.3720150816924903,0.9216589861751112,6.4201927105153045,2.9046222594609685
30995,2007-10-31,2007,EQT,25.35,8.58,20.07,9.21,41.66,-5.78,30.466015840854645,0.580217351261747,10.582059311107006,13.876097501074467
30996,2007-10-31,2007,SVU,224.76,-0.67,-6.62,-14.92,18.0,8.48,18.79593274942113,-14.346118997281787,-5.990133897110638,-0.513440048323765
30997,2007-10-31,2007,HAL,29.19,2.66,9.74,24.73,23.07,-6.89,19.881161114358093,21.498149230469533,6.896551724137923,16.091954022988517
30998,2007-10-31,2007,USB,18.67,1.94,12.08,-1.09,2.66,-0.21,0.7062978222483585,-2.972336668628617,9.947027663331355,2.5603296056503653
30999,2007-10-31,2007,SHW,16.87,-2.72,-7.86,1.17,9.89,-1.21,12.962582236842103,3.9987664473684292,-5.283717105263152,3.8925438596491264
31000,2007-10-31,2007,CVX,44.35,-2.21,8.09,19.33,40.16,-3.44,43.32753860312914,22.026792105532266,10.532774312301862,25.295701673654424
31001,2007-10-31,2007,KR,10.47,3.05,13.55,0.15,32.13,-1.9,28.219311014070826,-2.8141678796700598,10.189228529839877,11.86479055474688
31002,2007-10-31,2007,UNM,14.47,-4.31,-3.64,-5.6,19.53,6.43,24.913784094471737,-1.3481032500783807,0.7001776570174645,8.088619500470273
31003,2007-10-31,2007,ITT,17.48,-1.49,6.66,5.33,24.13,-3.49,26.00751192772308,6.923155009643689,8.273271749061006,13.73464622880926
31004,2007-10-31,2007,TXN,20.51,-10.62,-7.07,-4.64,8.99,-3.16,21.940031326918774,6.690534795256209,3.9718057731036094,10.867457298426197
31005,2007-10-31,2007,LHX,38.6,4.79,10.62,18.49,43.53,3.9,36.969176448134355,13.07376658078061,5.563507968317594,18.535483665744184
31006,2007-10-31,2007,ESRX,31.55,13.04,25.87,32.08,98.05,7.37,75.20346779900919,16.843595187544214,11.349964614295803,34.46567586694973
31007,2007-10-31,2007,ECL,38.05,-0.06,12.32,10.31,5.12,1.55,5.183109865919544,10.376225735441258,12.38743245947569,9.315589353612163
31008,2007-10-31,2007,IFF,34.13,-1.23,4.67,8.21,25.08,-3.96,26.637643009010816,9.55755796294422,5.973473726840117,14.056224899598384
31009,2007-10-31,2007,GR,37.6,-16.07,-17.54,-27.69,-24.19,-19.15,-9.674728940783982,-13.844870725604663,-1.7514595496246788,-8.423686405337774
31010,2007-10-31,2007,STT,53.16,17.03,19.39,16.58,25.8,0.15,7.493805007263088,-0.38451679056653587,2.0165769460821936,3.0419550542595815
31011,2007-10-31,2007,PBI,15.35,-11.84,-12.5,-15.37,-11.84,-3.01,0.0,-4.004083484573496,-0.7486388384754905,-1.584240774349662
31012,2007-10-31,2007,J,66.56,15.31,41.41,72.81,130.74,-3.88,100.10406729685198,49.8655797415662,22.634637065302222,57.5347613679068
31013,2007-10-31,2007,RL,52.48,-11.51,-22.95,-25.22,-2.87,0.26,9.763815120352582,-15.493276076392814,-12.928014464911296,-6.219158473650509
31014,2007-10-31,2007,KBH,21.24,10.3,-12.42,-36.49,-37.01,-23.66,-42.89211242067089,-42.42067089755213,-20.598368087035357,-35.303717135086124
31015,2007-10-31,2007,EXC,28.85,9.85,18.72,11.08,37.0,-1.52,24.715521165225308,1.1197086936731937,8.07464724624487,11.303292368381124
31016,2007-10-31,2007,KLAC,28.37,-5.61,-7.05,-4.76,8.12,-8.41,14.546032418688416,0.9005191227884346,-1.5255853374298134,4.640322068015679
31017,2007-10-31,2007,JEF,31.76,5.06,34.73,68.08,93.87,-7.3,84.53264801066058,59.984770607272054,28.24100513992005,57.58614125261756
31018,2007-10-31,2007,DGX,38.79,-7.79,-3.96,9.17,7.73,3.54,16.831146296497113,18.392799045656627,4.153562520334031,13.125835954162591
31019,2007-10-31,2007,LH,56.28,-12.12,-6.91,-12.91,0.38,5.7,14.223941738734647,-0.898953117888035,5.928538916704595,6.417842512517069
31020,2007-10-31,2007,SWK,35.45,2.53,4.58,-0.24,23.41,-9.38,20.364771286452733,-2.7016482980591117,1.9994148054228056,6.554179264605476
31021,2007-10-31,2007,SYK,56.84,3.26,13.73,9.33,36.33,2.3,32.0259539027697,5.87836529149719,10.13945380592678,16.014591000064556
31022,2007-10-31,2007,FE,30.44,10.04,15.65,3.39,22.17,-0.92,11.02326426753908,-6.043256997455471,5.098146128680492,3.3593844662547006
31023,2007-10-31,2007,CIEN,47.86,25.68,31.02,64.13,103.57,-8.11,61.97485677912158,30.593570973901983,4.248886059834511,32.272437937619365
31024,2007-10-31,2007,LUMN,13.32,-4.69,-3.84,-4.09,10.09,-3.07,15.507291994544126,0.6295247088448308,0.8918266708634937,5.67621445808415
31025,2007-10-31,2007,ALL,33.41,-8.38,-0.72,-14.8,-12.44,-1.71,-4.431346867496178,-7.007203667321549,8.360619951975545,-1.0259768609473934
31026,2007-10-31,2007,PH,58.75,7.8,22.54,31.6,45.89,-0.91,35.333951762523185,22.077922077922075,13.673469387755087,23.695114409400116
31027,2007-10-31,2007,PG,41.09,-0.67,12.94,9.1,11.98,6.44,12.735326688815052,9.835900533574948,13.70180207389511,12.09100976542837
31028,2007-10-31,2007,ZBH,59.72,-14.2,-10.64,-23.2,-3.5,-6.85,12.470862470862464,-10.48951048951049,4.149184149184149,2.043512043512041
31029,2007-10-31,2007,AA,79.19,1.64,4.55,13.09,41.0,-8.13,38.72491145218417,11.26524990161355,2.863046044864248,17.61773579955399
31030,2007-10-31,2007,HIG,64.43,4.84,6.21,-3.11,13.74,-1.21,8.489126287676463,-7.582983594048076,1.306753147653561,0.7376319470939826
31031,2007-10-31,2007,VZ,16.69,5.04,9.13,23.01,34.64,-6.21,28.179741051028184,17.107768469154607,3.8937547600913947,16.393754760091397
31032,2007-10-31,2007,COST,46.43,9.6,12.47,25.86,27.26,0.43,16.11313868613138,14.835766423357644,2.618613138686121,11.189172749391714
31033,2007-10-31,2007,GE,127.67,-0.58,6.91,13.23,20.69,-6.97,21.394085697042865,13.890565278615984,7.533695433514387,14.27278213639108
31034,2007-10-31,2007,YUM,20.25,19.51,26.18,31.31,37.69,-7.75,15.212116140908716,9.873650740523798,5.581122918584214,10.222296600005576
31035,2007-10-31,2007,CAH,31.25,8.8,3.7,-2.39,4.6,-11.0,-3.8602941176470673,-10.28492647058824,-4.687500000000011,-6.2775735294117725
31036,2007-10-31,2007,ES,16.23,7.91,13.58,-2.88,26.58,3.09,17.301454916133817,-9.9990733018256,5.2543786488740585,4.185586754394092
31037,2007-10-31,2007,GS,182.3,14.56,31.84,13.79,31.5,-8.58,14.78701117318435,-0.6721368715083886,15.083798882681565,9.732891061452507
31038,2007-10-31,2007,AKAM,39.19,36.41,15.4,-11.09,-16.37,-2.88,-38.69217799281578,-34.82149402536472,-15.402096620482386,-29.63858954622096
31039,2007-10-31,2007,JPM,29.4,3.41,7.66,-8.35,2.09,-2.94,-1.2764722947490648,-11.372207716855243,4.109853979305678,-2.8462753440995434
31040,2007-10-31,2007,AVY,37.0,1.54,-4.98,-5.71,-5.98,-10.0,-7.405948394721296,-7.140043332676793,-6.421114831593466,-6.989035519663852
31041,2007-10-31,2007,AMT,32.3,1.47,6.05,16.26,22.65,3.08,20.873164482112937,14.575736670937234,4.513649354489013,13.320850169179728
31042,2007-10-31,2007,MO,7.16,4.89,10.95,8.07,24.49,6.35,18.68624273047954,3.031747545047203,5.777481170750298,9.165157148759015
31043,2007-10-31,2007,CNP,8.15,4.55,2.78,-9.27,12.45,7.52,7.556193208990902,-13.218555714968927,-1.6929698708751828,-2.451777458951069
31044,2007-10-31,2007,GILD,15.95,13.02,24.07,13.04,34.08,0.76,18.633870111484697,0.017695983011867256,9.77703061405062,9.476198902849061
31045,2007-10-31,2007,BAC,33.77,-3.96,3.11,-2.88,-6.25,-4.45,-2.384423157017912,1.1245314452311472,7.361516034985405,2.0338747743995467
31046,2007-10-31,2007,NTRS,47.71,13.49,20.91,20.44,30.22,7.69,14.741386906335352,6.123887567186537,6.538020971010661,9.134431814844183
31047,2007-10-31,2007,TER,11.35,-10.58,-21.35,-29.28,-11.98,-11.75,-1.5656452695146483,-20.912547528517102,-12.044285394766273,-11.507492730932674
31048,2007-10-31,2007,COR,15.77,3.93,3.17,-2.68,3.28,-3.53,-0.6254209564129698,-6.360050033676512,-0.7312614259597616,-2.572244138683081
31049,2007-10-31,2007,ELV,62.92,0.39,5.47,0.33,3.81,6.29,3.406713816117146,-0.059766909054681516,5.060264966630146,2.802403957897537
31050,2007-10-31,2007,A,23.32,-0.08,-3.41,7.22,9.86,2.66,9.947958366693355,7.305844675740603,-3.3326661329063256,4.640378969842544
31051,2007-10-31,2007,FISV,13.85,8.93,12.1,4.19,12.15,-7.35,2.9560268062058137,-4.351418342054525,2.9101257688423754,0.504911410997888
31052,2007-10-31,2007,PPG,25.09,-1.07,-1.35,2.93,12.34,-7.51,13.555038916405548,4.043262913170942,-0.2830284039219588,5.77175780855151
31053,2007-10-31,2007,DTE,20.67,2.39,8.12,0.16,14.06,-1.11,11.397597421623207,-2.177947065143082,5.596249633753292,4.938633330077805
31054,2007-10-31,2007,DD,15.94,4.6,4.59,2.9,14.51,-6.88,9.474187380497124,-1.6252390057361454,-0.009560229445504387,2.613129381771825
31055,2007-10-31,2007,LOW,19.33,-3.76,-3.72,-11.52,-10.01,-9.22,-6.494181213632588,-8.063175394846223,0.041562759767233004,-4.838597949570526
31056,2007-10-31,2007,STZ,21.37,3.76,14.55,12.09,-8.62,-6.25,-11.931380107941415,8.02814186584424,10.398997686969924,2.1652531482909168
31057,2007-10-31,2007,ED,22.04,1.71,9.14,-5.93,2.14,4.17,0.42277062235769325,-7.511552453052794,7.305083079343233,0.07210041621604397
31058,2007-10-31,2007,TJX,5.65,-0.48,4.59,4.39,1.06,1.75,1.5474276527331243,4.893488745980723,5.094453376205799,3.8451232583065487
31059,2007-10-31,2007,TLAB,8.81,-7.46,-22.38,-17.04,-16.41,-21.0,-9.671493408255893,-10.352280095094013,-16.122757726388592,-12.048843743246167
31060,2007-10-31,2007,CI,47.29,-1.5,1.67,1.25,34.71,2.13,36.76142131979696,2.7918781725888353,3.2182741116751235,14.25719120135364
31061,2007-10-31,2007,GOOG,17.47,24.63,38.63,49.99,48.41,-1.98,19.080478215517928,20.348230763058652,11.233250421246899,16.88731979994116
31062,2007-10-31,2007,EL,17.23,3.39,-2.49,-14.62,10.0,2.23,6.39326820775703,-17.41947964019731,-5.687203791469198,-5.571138407969826
31063,2007-10-31,2007,NYT,16.18,-1.01,-13.52,-14.75,-16.26,-14.47,-15.40559652490151,-13.880189918173546,-12.637640165673304,-13.974475536249452
31064,2007-10-31,2007,HON,35.7,1.58,5.52,12.5,46.23,-5.86,43.95550305178184,10.750147666863551,3.878716282732819,19.528122333792734
31065,2007-10-31,2007,WM,22.33,-3.58,-3.7,-1.5,-0.38,-5.03,3.3188135241651207,2.1572287907073218,-0.12445550715618481,1.7838622692387525
31066,2007-10-31,2007,LUV,12.15,-3.99,-9.23,-0.91,-5.33,-0.42,-1.3956879491719532,3.2079991667534724,-5.457764816164978,-1.2151511995278197
31067,2007-10-31,2007,MCO,35.02,-13.25,-18.6,-33.69,-33.73,-13.68,-23.60806916426512,-23.561959654178665,-6.167146974063398,-17.779058597502395
31068,2007-10-31,2007,GHC,394.08,6.03,7.64,14.71,13.94,-5.01,7.460152786947094,8.18636235027823,1.5184381778741818,5.721651105033168
31069,2007-10-31,2007,DRI,21.77,3.15,1.43,4.52,4.04,-7.47,0.862821134270475,1.3281628696073522,-1.6674745516238598,0.17450315075132247
31070,2007-10-31,2007,MCHP,9.66,-8.67,-7.91,-16.54,3.82,-12.37,13.67568159421877,-8.61710281397131,0.8321471586554274,1.9635753129676285
31071,2007-10-31,2007,MU,10.25,-5.32,-11.46,-8.37,-27.27,-20.84,-23.18335445711871,-3.2213772708069244,-6.485002112378535,-10.963244613434725
31072,2007-10-31,2007,C,288.59,-10.22,-8.98,-20.15,-12.95,-19.49,-3.0407663176653887,-11.060369792826908,1.3811539318333788,-4.239994059552973
31073,2007-10-31,2007,MKC,11.98,-2.07,3.12,-4.6,-4.33,9.08,-2.3077708567343924,-2.583477994485861,5.299703870111294,0.13615167296368025
31074,2007-10-31,2007,BRK-B,88.28,11.69,22.48,21.66,25.58,6.25,12.436207359656205,8.926492971617872,9.66066792013609,10.341122750470056
31075,2007-10-31,2007,TMO,55.64,1.89,12.64,12.97,37.18,-1.99,34.63539110805771,10.874472470311126,10.550593777603323,18.686819118657386
31076,2007-10-31,2007,FDX,83.97,-1.35,-6.6,-1.81,-9.47,-4.71,-8.231120121642178,-0.4662949822605178,-5.321844906234174,-4.673086670045623
31077,2007-10-31,2007,WAT,76.98,15.03,32.13,29.53,54.58,1.38,34.38233504303223,12.605407285056081,14.86568721203163,20.617809846706646
31078,2007-10-31,2007,FLR,65.89,9.74,37.0,65.81,103.09,-6.85,85.06469837798434,51.09349371241117,24.840532166940065,53.66624141911186
31079,2007-10-31,2007,BSX,13.87,-0.57,5.48,-10.17,-12.82,-8.94,-12.320225284119479,-9.655033692044658,6.084682691340637,-5.296858761607832
31080,2007-10-31,2007,GD,59.73,8.06,16.19,16.71,29.71,-2.4,20.035165648713658,8.004812141402917,7.5235980011104875,11.854525263742353
31081,2007-10-31,2007,ROK,46.29,-0.91,-1.18,16.7,13.08,-1.03,14.118478151175706,17.771722676354827,-0.27247956403270157,10.539240421165944
31082,2007-10-31,2007,IBM,61.0,-1.43,5.31,14.45,27.5,-9.1,29.349700720300277,16.110378411281335,6.837780257684889,17.432619796422166
31083,2007-10-31,2007,CSX,3.59,4.77,-5.22,4.37,27.05,-5.84,21.26562947408608,-0.3817886799656445,-9.535172282141847,3.7828895039928625
31084,2007-10-31,2007,UAA,7.78,4.06,1.37,23.27,34.3,-20.19,29.060157601383807,18.460503555640972,-2.5850470882183285,14.978538022935481
31085,2007-10-31,2007,PGR,10.57,-4.69,-3.22,-11.99,-15.96,-0.54,-11.824572447801895,-7.65921729094533,1.5423355366698255,-5.980484734025801
31086,2007-10-31,2007,CBRE,24.38,-12.43,-30.18,-27.98,-18.81,-2.58,-7.285600091355482,-17.75722279319403,-20.269498686764887,-15.104107190438134
31087,2007-10-31,2007,AZO,124.41,7.12,-1.89,-6.49,11.08,-10.27,3.696788648244964,-12.705377147124707,-8.411127707244203,-5.806572068707982
31088,2007-10-31,2007,SJM,28.93,0.02,-3.75,-3.26,11.48,-7.52,11.457708458308336,-3.279344131173756,-3.769246150769845,1.4697060587882447
31089,2007-10-31,2007,URBN,25.27,15.92,25.97,-1.9,44.4,3.68,24.56866804692892,-15.372670807453414,8.66977225672878,5.955256498734762
31090,2007-10-31,2007,LIN,60.08,2.05,12.01,33.53,44.35,-0.12,41.45026947574719,30.847623713865758,9.75992160705539,27.35260493222278
31091,2007-10-31,2007,GPC,27.58,-1.86,3.9,0.78,11.01,-2.08,13.113918891379672,2.690034644385575,5.869166496841238,7.224373344202161
31092,2007-10-31,2007,APA,74.7,15.45,28.62,43.66,60.13,-6.76,38.70073624945864,24.43482026851449,11.407535729753127,24.84769741590875
31093,2007-10-31,2007,PHM,12.43,9.04,-23.08,-44.61,-51.79,-31.13,-55.786867204695525,-49.202127659574465,-29.457079970652977,-44.815358278307656
31094,2007-10-31,2007,CMCSA,6.62,-12.94,-19.87,-21.04,-22.36,-2.42,-10.820124052377677,-9.30392832529291,-7.960027567195038,-9.361359981621876
31095,2007-10-31,2007,FSLR,158.81,34.88,41.08,164.73,0.0,49.33,-25.860023724792402,96.27075919335707,4.59667852906287,25.002471332542513
31096,2007-10-31,2007,PCAR,19.97,-2.24,2.17,-0.16,46.76,-8.57,50.122749590834694,2.127659574468077,4.511047463175122,18.920485542825965
31097,2007-10-31,2007,MSI,57.38,1.4,10.91,9.05,-17.63,-15.01,-18.767258382643004,7.544378698224863,9.378698224852066,-0.6147271531886916
31098,2007-10-31,2007,BBWI,7.13,-3.84,-8.26,-19.18,-23.63,-8.0,-20.580282861896837,-15.95257903494176,-4.596505823627295,-13.709789240155297
31099,2007-10-31,2007,NOV,51.24,1.37,21.95,72.63,142.52,-6.95,139.24237940219,70.29693203117291,20.30186445693991,76.61372529676761
31100,2007-10-31,2007,NEE,9.92,12.39,19.37,7.78,37.96,2.58,22.75113444256607,-4.101788415339424,6.210516949906575,8.28662099237774
31101,2007-10-31,2007,UNP,21.69,13.25,7.81,12.77,43.11,-1.13,26.366445916114788,-0.4238410596026587,-4.803532008830025,7.046357615894035
31102,2007-10-31,2007,EFX,31.78,1.0,-4.75,-2.98,1.75,-3.2,0.7425742574257432,-3.940594059405944,-5.693069306930698,-2.9636963696369665
31103,2007-10-31,2007,WDC,15.66,2.37,21.41,46.61,41.79,6.6,38.50737520758034,43.215785874767974,18.599198984077358,33.44078668880856
31104,2007-10-31,2007,MRSH,17.31,2.25,-5.36,-17.4,-9.75,-2.97,-11.735941320293398,-19.21760391198043,-7.442542787286055,-12.798696006519961
31105,2007-10-31,2007,BKNG,3.66,4.9,45.92,67.33,131.07,22.23,120.27645376549091,59.513822688274566,39.10390848427075,72.96472831267874
31106,2007-10-31,2007,RVTY,24.5,-5.56,-0.87,14.29,30.25,-0.87,37.91825497670478,21.018636171113926,4.966116052520109,21.30100240011294
31107,2007-10-31,2007,XRAY,34.2,-0.38,13.79,24.41,33.22,3.13,33.72816703473198,24.884561333065648,14.22405139530214,24.278926587699925
31108,2007-10-31,2007,SLB,63.68,-8.03,2.14,31.34,54.42,-3.23,67.90257692725889,42.80743720778517,11.057953680548028,40.58932260519736
31109,2007-10-31,2007,TWX,27.88,-0.54,-4.7,-10.69,-7.18,-4.93,-6.676050673637645,-10.205107580937067,-4.182585964206719,-7.021248072927144
31110,2007-10-31,2007,HBAN,9.41,5.48,-5.25,-16.99,-22.91,-12.4,-26.915054986727338,-21.302616609783843,-10.172544558210085,-19.463405384907087
31111,2007-10-31,2007,PFG,37.38,7.26,20.0,6.58,21.43,-1.91,13.210889427559191,-0.633973522282294,11.87768040275965,8.15153210267885
31112,2007-10-31,2007,KEY,15.53,-12.0,-17.11,-18.59,-20.33,-6.02,-9.465909090909097,-7.488636363636358,-5.806818181818185,-7.587121212121214
31113,2007-10-31,2007,CTAS,7.06,-1.37,0.08,-2.35,-10.78,-12.57,-9.540707695427352,-0.9936124911284483,1.4701409307512847,-3.0213930852681723
31114,2007-10-31,2007,CLX,36.07,3.26,4.16,-5.54,-0.92,3.69,-4.048034088708108,-8.52217702885919,0.8715862870424251,-3.899541610174957
31115,2007-10-31,2007,NUE,37.32,4.29,24.82,-0.21,10.63,-4.53,6.079202224566127,-4.314891168856072,19.685492377025614,7.149934477578557
31116,2007-10-31,2007,MRK,29.05,12.71,18.24,14.97,32.44,1.89,17.505101588146577,2.0051459497826274,4.906396947919434,8.13888149528288
31117,2007-10-31,2007,EA,59.37,9.16,25.66,21.25,15.56,-8.07,5.862953462806897,11.075485525833638,15.115426896299011,10.684621961646515
31118,2007-10-31,2007,PFE,10.52,0.74,5.94,-4.86,-3.66,-2.27,-4.367679174111583,-5.558864403414732,5.161802660313652,-1.5882469724042203
31119,2007-10-31,2007,IRM,12.65,13.94,29.64,23.59,20.12,5.04,5.42390731964193,8.469369843777418,13.779182025627534,9.224153063015628
31120,2007-10-31,2007,CVS,27.73,5.28,18.57,15.32,33.61,-3.77,26.90919452887539,9.536474164133747,12.62348024316109,16.35638297872341
31121,2007-10-31,2007,PPL,21.0,11.66,10.36,20.11,54.13,-1.43,38.035106573526775,7.56761597707325,-1.1642486118574324,14.812824646247533
31122,2007-10-31,2007,ADSK,48.9,-2.14,15.41,18.49,33.06,-3.7,35.96975270795013,21.08113631718782,17.933782955242194,24.994890660126714
31123,2007-10-31,2007,SBUX,9.9,1.83,0.0,-13.99,-29.32,-12.33,-30.590199351860946,-15.53569674948444,-1.7971128351173538,-15.974336312154248
31124,2007-10-31,2007,HRB,11.07,2.93,10.05,-2.32,2.24,-9.72,-0.6703584960653042,-5.1005537744098,6.9173224521519305,0.38213672722560865
31125,2007-10-31,2007,F,4.51,4.48,4.23,10.32,7.13,-15.33,2.536370597243498,5.5895865237366005,-0.23928024502296585,2.6288922919857107
31126,2007-10-31,2007,MMM,41.62,-7.72,-2.35,5.49,12.08,-3.02,21.456436931079324,14.315127871694822,5.819245773732118,13.863603525502088
31127,2007-10-31,2007,CMS,9.27,0.89,5.33,-7.85,14.96,3.02,13.945881653285763,-8.662900188323908,4.400832589949455,3.2279380183037696
31128,2007-10-31,2007,PSA,41.31,2.95,16.31,-12.11,-7.62,-4.48,-10.267119961146198,-14.62846041767849,12.977173385138418,-3.9728023312287575
31129,2007-10-31,2007,CNX,43.35,21.24,35.9,35.41,60.82,5.11,32.64599142197295,11.687561860772021,12.091718904651927,18.808424062465633
31130,2007-10-31,2007,KO,17.51,7.46,19.25,19.86,35.75,1.1,26.326074818537126,11.539177368323084,10.971524288107194,16.2789254916558
31131,2007-10-31,2007,ROP,63.33,8.21,18.17,26.57,48.66,-10.39,37.381018390167256,16.96700859439977,9.204324923759355,21.184117302775462
31132,2007-10-31,2007,RTX,31.23,-4.83,5.42,15.04,18.45,-1.96,24.4614899653252,20.878428076074385,10.770200693495857,18.703372911631813
31133,2007-10-31,2007,BMS,19.95,-3.26,-3.76,-14.09,-14.11,-2.96,-11.215629522431259,-11.19495555096135,-0.516849286747989,-7.642478120046866
31134,2007-10-31,2007,BEN,22.33,1.83,1.93,-1.02,14.35,-5.01,12.2950014730433,-2.7987822841991528,0.09820288716488879,3.1981406920030118
31135,2007-10-31,2007,CL,24.79,7.47,16.13,13.75,21.69,5.0,13.231599516144055,5.843491206848417,8.058062715176328,9.044384479389599
31136,2007-10-31,2007,XRX,20.17,0.58,-0.11,-5.73,2.59,-3.21,1.998409226486375,-6.273613044342818,-0.686021077749055,-1.6537416318684997
31137,2007-10-31,2007,SNA,32.38,0.61,-4.22,-7.57,8.3,-1.31,7.643375409998998,-8.130404532352642,-4.8007156346287605,-1.7625815856608016
31138,2007-10-31,2007,GT,26.85,-0.85,4.98,-9.35,96.67,-4.64,98.35602622289458,-8.57286938981342,5.879979828542603,31.887712220541257
31139,2007-10-31,2007,TEL,24.73,0.68,-0.02,0.0,0.0,4.82,-0.6754072308303494,-0.6754072308303494,-0.695272149384174,-0.682028870348291
31140,2007-10-31,2007,NVDA,0.81,-2.37,15.97,61.36,52.19,-10.85,55.884461743316606,65.2770664754686,18.785209464303996,46.64891256102973
31141,2007-10-31,2007,OMC,29.91,6.01,-1.41,-2.19,1.44,-4.37,-4.310914064710881,-7.735119328365259,-6.999339684935391,-6.34845769267051
31142,2007-10-31,2007,BC,17.15,-2.41,-20.21,-31.9,-27.87,-5.85,-26.088738600266414,-30.218260067629878,-18.23957372681626,-24.848857464904185
31143,2007-10-31,2007,CINF,20.51,-8.15,2.29,-10.67,-10.07,0.5,-2.0903647250952617,-2.743603701687536,11.366358192705484,2.1774632553075617
31144,2007-10-31,2007,MAS,14.61,4.92,-10.66,-9.93,-9.94,-6.98,-14.163171940526098,-14.153640869233685,-14.849409073579867,-14.388740627779882
31145,2007-10-31,2007,BDX,46.6,1.72,9.65,6.75,20.75,-0.87,18.70821863940226,4.94494691309475,7.795910342115597,10.483025298204202
31146,2007-10-31,2007,WU,10.59,5.1,10.48,4.7,0.0,2.54,-4.852521408182675,-0.38058991436726863,5.118934348239779,-0.038058991436721534
31147,2007-10-31,2007,RHI,19.43,0.77,-11.2,-9.1,-16.81,-10.05,-17.44566835367669,-9.794581720750228,-11.878535278356662,-13.039595117594525
31148,2007-10-31,2007,BBBY,39.13,35.87,109.59,117.99,113.94,-40.79,57.45933613012439,60.440126591594904,54.25774637521161,57.38573636564363
31149,2007-10-31,2007,L,44.32,1.53,3.7,4.01,26.84,-2.51,24.928592534226325,2.4426277947404706,2.1372993203979007,9.836173216454899
31150,2007-10-31,2007,AON,37.28,1.47,13.56,17.78,32.24,10.26,30.324233763674012,16.07371636937025,11.914851680299599,19.437600604447955
31151,2007-10-31,2007,APD,56.97,0.09,13.74,29.01,43.07,1.22,42.94135278249578,28.893995404136284,13.637726046558107,28.491024744396725
31152,2007-10-31,2007,EQR,17.96,-1.37,6.17,-8.08,-20.37,-10.94,-19.263915644327277,-6.803203893338738,7.644732839906743,-6.140795565919757
31153,2007-10-31,2007,COF,48.02,-1.26,-7.27,-11.61,-17.2,-18.69,-16.143406927283777,-10.482074134089537,-6.086692323273246,-10.904057794882187
31154,2007-10-31,2007,THC,14.04,4.46,-32.24,-52.7,-50.28,56.98,-52.4028336205246,-54.719509860233586,-35.13306528814857,-47.418469589635585
31155,2007-10-31,2007,CVG,11.4,1.33,4.26,9.37,42.61,-0.62,40.73818217704528,7.934471528668685,2.8915424849501603,17.188065396888042
31156,2007-10-31,2007,JBL,17.12,-4.86,-3.27,-6.18,-23.48,-21.7,-19.571158293041833,-1.3874290519234833,1.6712213579987312,-6.429121995655528
31157,2007-10-31,2007,DOC,11.35,2.62,27.06,-0.95,14.41,-0.43,11.488988501266807,-3.47885402455661,23.81602026895342,10.608718248554538
31158,2007-10-31,2007,R,29.22,-2.35,-11.64,-8.37,-7.72,-8.97,-5.499231950844852,-6.164874551971334,-9.513568868407585,-7.059225123741257
31159,2007-10-31,2007,EP,4.32,0.0,0.0,-25.0,-5.26,-33.33,-5.259999999999998,-25.0,0.0,-10.086666666666666
31160,2007-10-31,2007,OKE,8.46,6.13,-0.88,4.64,23.54,-6.89,16.40440968623389,-1.4039385659097237,-6.605106944313577,2.798454725336864
31161,2007-10-31,2007,TGNA,12.81,-2.95,-14.26,-24.62,-26.52,-13.35,-24.286450283359095,-22.328696548171045,-11.65378670788254,-19.422977846470893
31162,2007-10-31,2007,XEL,11.61,4.69,12.27,-4.33,6.39,2.48,1.6238418187028536,-8.61591364982328,7.240424109275012,0.08278409271819509
31163,2007-10-31,2007,TAP,36.48,14.84,29.17,22.29,63.33,-5.64,42.22396377568791,6.487286659700464,12.47823058167885,20.396493672355742
31164,2007-10-31,2007,UNH,37.96,1.49,1.49,-7.37,0.81,11.9,-0.670016750418756,-8.72992413045619,0.0,-3.1333136269583157
31165,2007-10-31,2007,JNJ,37.86,-0.81,8.44,2.83,-0.89,4.59,-0.08065329166246915,3.669724770642202,9.325536848472638,4.304869442484123
31166,2007-10-31,2007,EBAY,13.48,-7.48,11.42,6.36,12.36,-7.12,21.444012105490696,14.95892779939474,20.42801556420235,18.94365182302926
31167,2007-10-31,2007,ITW,36.43,-3.99,4.52,12.58,21.55,-3.07,26.60139568794917,17.25861889386522,8.863660035412968,17.574558205742452
31168,2007-10-31,2007,PAYX,22.36,2.65,1.71,14.27,8.57,-6.65,5.767169995129096,11.320019483682419,-0.9157330735509062,5.390485468420202
31169,2007-10-31,2007,LEN,17.93,0.88,-25.08,-46.02,-51.14,-30.19,-51.56621728786676,-46.49088025376685,-25.73354480570974,-41.263547449114455
31170,2007-10-31,2007,CTRA,7.0,12.88,16.16,9.17,50.49,-13.21,33.318568391211926,-3.2866761162296365,2.9057406094967986,10.97921096149303
31171,2007-10-31,2007,DUK,25.09,2.57,13.92,-4.49,8.8,4.4,6.07390075070684,-6.883104221507274,11.065613727210689,3.4188034188034186
31172,2007-10-31,2007,HPQ,14.48,3.8,12.46,23.06,34.39,-1.01,29.470134874759157,18.554913294797682,8.34296724470136,18.7893384714194
31173,2007-10-31,2007,TFC,18.47,-7.46,-0.11,-9.15,-11.34,-2.41,-4.192781499891929,-1.826237302787992,7.942511346444792,0.641164181254957
31174,2007-10-31,2007,PEP,42.54,0.63,12.96,12.78,18.61,4.69,17.867435158501443,12.073934214448956,12.252807313922286,14.064725562290894
31175,2007-10-31,2007,WEC,13.22,6.33,12.18,-0.79,6.45,0.45,0.11285620238878913,-6.696134675068177,5.501739866453503,-0.3605128687419616
31176,2007-10-31,2007,LNC,37.97,-4.89,4.02,-11.33,0.84,-1.28,6.024603091157599,-6.771107139102095,9.368100094627273,2.873865348894259
31177,2007-10-31,2007,ISRG,36.32,42.12,53.74,152.1,229.57,0.25,131.89558119898678,77.38530819026175,8.176189135941447,72.48569284173
31178,2007-10-31,2007,TGT,37.84,-3.48,1.55,3.82,4.57,-2.02,8.340240364691255,7.563199336924975,5.211355159552422,7.038264953722884
31179,2007-10-31,2007,CPWR,21.91,0.0,0.0,46.15,0.0,-36.84,0.0,46.150000000000006,0.0,15.383333333333335
31180,2007-10-31,2007,CFC,130.0,-5.8,-6.47,10.17,44.44,-7.69,53.33333333333332,16.953290870488313,-0.7112526539278075,23.191790516631276
31181,2007-10-31,2007,NEM,35.16,13.79,22.21,22.65,13.48,-2.38,-0.2724316723789366,7.786272958959484,7.399595746550669,4.971145677710406
31182,2007-10-31,2007,ORLY,2.2,-1.17,-0.87,-7.25,2.26,-0.48,3.470606091267836,-6.151978144288172,0.3035515531721211,-0.7926068332827384
31183,2007-10-31,2007,BALL,10.36,-7.76,-3.11,-1.82,20.21,-6.52,30.32307025151777,6.439722463139641,5.041196877710319,13.93466319745591
31184,2007-10-31,2007,GL,24.25,4.77,6.1,-4.22,6.49,-5.34,1.6416913238522346,-8.58070058222774,1.2694473608857448,-1.8898539658299203
31185,2007-10-31,2007,JCI,12.81,-7.15,-12.65,-62.56,-58.22,-2.53,-55.00269251480883,-59.67689822294023,-5.9235325794291915,-40.201041105726084
31186,2007-10-31,2007,NRG,34.09,7.97,18.44,15.65,89.66,-7.16,75.6599055293137,7.1130869686024,9.697138093914992,30.823376863943697
31187,2007-10-31,2007,MA,17.33,28.47,18.22,70.37,157.34,5.66,100.31135673698142,32.61461819880127,-7.978516385148282,41.649152850211465
31188,2007-10-31,2007,RF,15.6,-8.01,-8.74,-20.97,-25.45,-2.54,-18.958582454614625,-14.088487879117285,-0.7935645178823725,-11.280211617204762
31189,2007-10-31,2007,FCX,41.12,12.49,25.55,76.3,100.26,-15.93,78.0247133078496,56.72504222597563,11.609920881856173,48.78655880522714
31190,2007-10-31,2007,MSFT,26.25,24.95,27.42,23.78,29.97,-8.42,4.017607042817128,-0.9363745498199294,1.976790716286514,1.6860077364279042
31191,2007-10-31,2007,VFC,12.31,7.9,2.25,0.49,17.71,-14.16,9.091751621872103,-6.867469879518073,-5.2363299351251165,-1.004016064257029
31192,2007-10-31,2007,WMT,10.33,3.57,-1.11,-4.74,-6.58,5.95,-9.800135174278267,-8.02355894564063,-4.518683016317471,-7.447459045412123
31193,2007-10-31,2007,MDT,30.64,-15.72,-6.17,-9.97,-1.68,7.19,16.658756525866146,6.822496440436643,11.331276696725201,11.604176554342663
31194,2007-10-31,2007,TRV,33.75,3.71,3.41,-2.42,4.29,1.72,0.5592517597145852,-5.910712563880038,-0.289268151576505,-1.8802429852473193
31195,2007-10-31,2007,BBY,27.36,5.72,9.11,4.51,-11.4,5.21,-16.19371925841846,-1.1445327279606454,3.2065834279228156,-4.710556186152097
31196,2007-10-31,2007,PLD,35.7,10.14,23.64,9.13,15.66,-6.41,5.011803159615047,-0.9170147085527547,12.257127292536762,5.4506385811996845
31197,2007-10-31,2007,MAT,13.15,-10.95,-8.82,-26.18,-4.92,-0.81,6.771476698483991,-17.102751263335215,2.391914654688354,-2.646453303387623
31198,2007-10-31,2007,EMR,31.37,-1.79,11.67,12.5,26.77,9.68,29.080541696364936,14.550453110681193,13.705325323286832,19.11210671011099
31199,2007-10-31,2007,SPGI,35.88,-1.71,-16.95,-23.1,-21.02,-1.48,-19.645945670973642,-21.76213246515414,-15.505137857360873,-18.97107199782955
31200,2007-10-31,2007,LLY,31.87,-4.88,0.86,-7.06,-0.38,-1.42,4.730866274179979,-2.2918418839360855,6.034482758620685,2.8245023829548597
31201,2007-10-31,2007,MTB,56.53,-3.84,-5.79,-9.57,-16.52,-8.56,-13.186356073211314,-5.958818635607321,-2.027870216306149,-7.057681641708261
31202,2007-10-31,2007,EG,71.79,-3.36,8.95,6.84,9.21,-1.03,13.007036423841068,10.554635761589392,12.737996688741715,12.099889624724058
31203,2007-10-31,2007,SEE,17.42,-2.46,-8.16,-23.7,-15.17,-6.26,-13.030551568587246,-21.775681771580892,-5.843756407627643,-13.549996582598594
31204,2007-10-31,2007,KIM,16.95,-7.34,12.22,-12.02,-3.34,-4.89,4.316857327865309,-5.0507230736024145,21.109432333261392,6.791855529174762
31205,2007-10-31,2007,CAT,46.6,-4.42,-4.87,3.65,25.15,-3.63,30.937434609751,8.443188951663538,-0.47080979284368496,12.969937922856952
31206,2007-10-31,2007,ANF,54.91,-1.86,13.56,-2.59,4.27,3.81,6.246178928061941,-0.7438353372732909,15.712247809252066,7.071530466680239
31207,2007-10-31,2007,CME,66.12,13.43,20.77,29.33,33.76,-1.15,17.92294807370183,14.017455699550375,6.470951247465395,12.803785006905867
31208,2007-10-31,2007,AMGN,39.3,2.72,8.13,-9.4,-23.45,-4.92,-25.477024922118385,-11.799065420560751,5.266744548286595,-10.66978193146418
31209,2007-10-31,2007,WELL,19.39,1.6,24.69,2.69,14.22,1.17,12.421259842519671,1.072834645669274,22.726377952755918,12.073490813648286
31210,2007-10-31,2007,DE,54.21,4.37,29.09,42.61,84.86,10.91,77.11986202931875,36.63888090447445,23.684966944524266,45.814569959439154
31211,2007-10-31,2007,MET,35.75,-1.26,14.33,4.79,21.76,-3.65,23.313753291472537,6.127202754709327,15.788940652217942,15.076632232799936
31212,2007-10-31,2007,MOLX,28.56,6.05,0.78,-4.42,-18.12,-3.5,-22.79113625648279,-9.872701555869877,-4.969354078264965,-12.544397296872544
31213,2007-10-31,2007,EXPD,40.33,7.08,13.36,21.57,7.44,-7.08,0.33619723571163274,13.5319387373926,5.864774000747097,6.5776366579504435
31214,2007-10-31,2007,PNW,18.25,3.57,9.18,-14.08,-11.38,6.09,-14.434681857680797,-17.041614367094727,5.4166264362267125,-8.686556596182937
31215,2007-10-31,2007,VMC,69.11,-4.08,-10.19,-30.22,6.8,4.43,11.342785654712252,-27.25187656380318,-6.369891576313602,-7.426327495134843
31216,2007-10-31,2007,BMY,15.02,5.07,6.59,5.86,26.03,-1.2,19.94860569144381,0.7518796992481258,1.4466546112115841,7.382380000634506
31217,2007-10-31,2007,RSG,22.73,4.52,7.57,23.49,26.97,-2.98,21.47914274779947,18.14963643321854,2.9181017986988245,14.18229365990561
31218,2007-10-31,2007,SLM,13.49,-5.05,-4.09,-12.39,-2.0,-19.25,3.2122169562927905,-7.730384412848867,1.0110584518167487,-1.1690363349131092
31219,2007-10-31,2007,FIS,19.19,3.85,-7.05,-8.62,11.34,-6.21,7.21232546942705,-12.007703418391912,-10.495907558979301,-5.097095169314721
31220,2007-10-31,2007,NI,4.04,8.09,8.49,-14.89,-8.36,-9.49,-15.218799148857432,-21.260061060227585,0.37006198538254154,-12.036266074567491
31221,2007-10-31,2007,NWL,15.62,1.18,11.15,-3.5,4.29,-7.42,3.073729986163265,-4.62542004348686,9.853726032812805,2.76734532516307
31222,2007-10-31,2007,NTAP,23.12,17.02,11.12,-15.37,-13.73,-21.53,-26.27755939155699,-27.679029225773366,-5.0418731840710995,-19.666153933800484
31223,2007-10-31,2007,WYNN,92.28,2.46,67.18,57.94,134.46,-17.58,128.830763224673,54.1479601795823,63.16611360530941,82.04827900318824
31224,2007-10-31,2007,AMZN,4.46,-4.29,13.51,45.36,134.05,1.58,144.54080033434334,51.875457110019866,18.597847664820822,71.67136836972801
31225,2007-10-31,2007,GEN,6.71,-3.1,-2.19,6.7,-5.34,-5.22,-2.3116615067079405,10.113519091847255,0.9391124871001022,2.9136566907464725
31226,2007-10-31,2007,BK,32.12,11.26,15.41,15.07,36.98,-1.82,23.117023188926833,3.4244112888729195,3.7300017975912425,10.090478758463666
31227,2007-10-31,2007,DHI,10.08,-0.94,-21.53,-41.88,-44.69,-4.55,-44.16515243286897,-41.32848778518071,-20.785382596406222,-35.42634093815197
31228,2007-10-31,2007,CHRW,33.1,-8.05,2.98,-5.96,21.38,3.27,32.006525285481246,2.2729744426318588,11.995649809679175,15.425049845930758
31229,2007-10-31,2007,UPS,40.33,0.0,-0.26,7.86,1.87,-1.33,1.869999999999994,7.86,-0.26000000000000467,3.1566666666666627
31230,2007-10-31,2007,HOG,33.66,11.45,-9.57,-17.8,-23.69,-6.76,-31.529834006280844,-26.244952893674302,-18.860475549573806,-25.545087483176317
31231,2007-10-31,2007,DIS,28.4,0.7,4.94,0.35,12.59,-4.27,11.807348560079479,-0.34756703078449025,4.210526315789487,5.223435948361492
31232,2007-10-31,2007,BIIB,74.44,12.23,31.66,57.68,56.39,-0.43,39.34776797647685,40.49719326383319,17.312661498708003,32.38587424633935
31233,2007-10-31,2007,SRE,17.31,5.83,17.29,-2.08,18.43,1.8,11.90588679958422,-7.474251157516775,10.828687517717107,5.0867743865948505
