단축코드,액면가
042660,5000
005930,100
005380,5000
000270,5000
034020,5000
010120,1000
035420,100
207940,2500
373220,500
032830,500
000660,5000
005935,100
005490,5000
298040,5000
006800,5000
012450,5000
012330,5000
006400,5000
267260,5000
009150,5000
009540,5000
068270,1000
055550,5000
028260,100
015760,5000
105560,5000
010130,5000
329180,5000
402340,100
086790,5000
035720,100
030200,5000
064350,5000
017670,100
247540,500
267250,1000
316140,5000
047810,5000
086520,100
096770,5000
079550,5000
272210,5000
010140,1000
196170,500
051910,5000
034730,200
138040,500
011200,5000
278470,100
000810,500
000720,5000
033780,5000
003670,500
003550,5000
066570,5000
042700,100
000150,5000
071050,5000
024110,5000
086280,500
000880,5000
0126Z0,2500
016360,5000
047040,5000
005830,500
298380,500
326030,500
090430,500
058470,100
005387,5000
259960,100
011070,5000
028050,5000
443060,500
950160,0
323410,5000
277810,500
003230,5000
010950,2500
039490,5000
047050,5000
000250,500
003490,5000
352820,500
267270,5000
005940,5000
307950,500
006260,5000
007660,1000
018260,500
141080,500
000100,1000
062040,500
241560,500
005385,5000
310210,500
377300,500
032640,5000
240810,500
088980,0
064400,500
052690,200
001440,1000
028300,500
066970,500
454910,500
087010,500
021240,500
138930,5000
271560,500
034220,5000
175330,5000
029780,5000
001040,5000
009830,5000
039030,500
078930,5000
180640,2500
128940,2500
161390,500
489790,500
082740,1000
036570,500
011790,5000
403870,500
035250,500
000990,5000
353200,500
022100,500
251270,100
095340,500
450080,500
103590,1000
004020,5000
018880,100
375500,5000
032820,500
012510,500
088350,5000
010060,5000
111770,500
017800,5000
214150,100
002380,5000
263750,100
097950,5000
051900,5000
108490,500
214370,100
011170,5000
036930,500
023530,5000
347850,500
440110,100
012750,500
031210,2500
036460,5000
226950,500
237690,500
302440,500
028670,1000
011780,5000
010170,500
043260,500
006360,5000
001720,5000
145020,500
0009K0,500
439260,5000
009970,500
085620,5000
319400,100
014680,5000
214450,500
004990,200
004170,5000
139130,5000
357780,500
084370,500
457190,1000
222800,500
336260,100
051600,200
005290,500
257720,500
017960,500
218410,500
031980,500
00680K,5000
139480,5000
383220,100
004800,5000
009420,500
319660,500
000120,5000
476830,500
026960,500
005850,500
020150,500
008930,500
064760,500
001450,500
103140,5000
178320,500
083650,500
279570,5000
140410,500
071970,2500
112610,500
068760,500
120110,5000
058610,500
000240,500
483650,100
204320,1000
192820,500
097230,5000
395400,0
298020,5000
030000,200
475150,200
023590,500
035900,500
007340,100
018670,5000
282330,1000
089030,500
001430,5000
000155,5000
003690,500
041510,500
067310,500
081660,1000
039200,500
004370,5000
030530,500
002790,500
005440,500
101490,500
011210,5000
347700,500
008770,5000
462870,200
082920,500
458870,500
006280,5000
038500,500
099320,500
131970,500
012630,5000
140860,500
007810,500
001120,5000
475830,100
000500,5000
069620,2500
095610,500
073240,5000
290650,500
006040,1000
078600,500
322000,5000
069960,5000
003570,2500
361610,1000
005070,1000
161890,500
098460,100
003540,5000
007070,1000
232140,100
491000,500
065350,500
323280,100
085660,500
100790,1000
100090,500
003530,3530
060370,1000
003380,100
437730,500
127120,500
020560,5000
417200,500
376900,500
032350,500
229640,500
001800,500
330590,0
007310,5000
080220,500
445680,500
294870,5000
082640,5000
195940,500
281740,100
183300,500
030610,5000
000210,5000
077970,2500
034230,500
023160,500
007390,500
388210,500
213420,200
048410,500
004000,5000
003240,5000
100840,500
003090,500
090710,500
131290,500
051915,5000
490470,1000
189300,500
096530,500
115180,500
181710,500
185750,2500
420770,200
300720,500
415640,0
137400,500
000815,500
000080,5000
456160,500
089860,5000
397030,1000
001740,2500
160190,500
089970,100
124500,500
166090,500
082270,500
035760,5000
365550,0
093370,500
036540,500
086450,500
032500,500
466100,500
036830,500
005300,500
052020,500
014620,500
000670,500
293490,100
280360,500
050890,500
484870,100
192080,500
006120,5000
328130,500
451800,0
006650,5000
281820,500
005690,500
295310,500
056190,500
137310,500
253450,500
388720,500
204270,500
036530,500
027360,500
192400,100
285130,5000
174900,500
075580,500
071055,5000
003030,5000
003470,5000
195870,5000
009450,1000
079900,500
122870,500
298050,5000
00088K,5000
222080,100
161580,500
009240,1000
006110,500
005880,500
476060,500
078160,500
241710,500
032190,500
064960,5000
057050,5000
044490,500
066575,5000
248070,500
056080,500
030190,500
071320,5000
052400,500
003160,500
001510,500
499790,1000
006730,500
074600,500
358570,500
249420,1000
036810,500
121600,500
456040,5000
108320,500
171090,500
003280,500
493280,500
004490,500
010780,500
372320,500
389470,500
003850,500
348210,500
348370,500
317450,500
033100,500
278280,500
033500,500
187660,100
225570,500
017900,500
365340,500
126340,500
496320,100
079160,500
005090,5000
001270,5000
011930,500
002020,5000
003620,1000
000370,5000
025540,500
253590,100
217590,100
003000,500
090460,500
327260,500
356860,500
009520,500
086900,500
007700,500
114090,500
001680,1000
368770,100
014820,5000
102710,500
001060,2500
376300,500
214320,500
024850,500
093050,5000
293940,0
033240,500
069260,1000
00104K,5000
178920,500
002350,500
005180,5000
425420,100
214430,500
348340,500
102940,500
475960,500
399720,500
112040,500
025980,100
053800,500
067160,500
033790,500
336370,100
060250,500
015750,500
008730,500
336570,100
486990,100
200710,500
083450,500
000400,1000
005810,5000
053610,500
058650,5000
002960,5000
017940,5000
094800,0
005250,500
001820,1000
084110,500
001500,5000
161000,500
042000,500
009155,5000
031330,500
460930,500
468530,100
001570,500
003545,5000
272290,500
383310,500
039130,500
041960,100
002840,500
000640,5000
199800,500
383800,1000
268280,500
006380,500
046890,500
252990,500
064260,500
002240,1000
005420,1000
033640,500
060280,500
130660,500
009410,500
077360,200
094170,500
287840,500
211050,100
271940,500
019170,500
122640,500
002030,5000
138490,1000
010820,500
047920,500
251970,500
090360,500
025900,200
016380,5000
014830,5000
016610,5000
099190,500
950210,0
045100,500
119850,500
0120G0,500
448730,0
016590,500
018290,500
025320,500
393890,500
0082N0,500
389650,500
005389,5000
104830,500
041190,500
004690,5000
284740,100
460860,5000
000070,5000
424870,500
215600,500
003300,1000
138080,500
453340,500
095660,500
067630,500
093320,500
009900,500
354320,500
013030,500
488900,500
020000,500
101160,500
088800,500
098070,5000
377740,500
448900,500
230360,100
039440,500
019210,500
484590,500
206650,500
381970,500
036620,500
059090,500
089010,500
034310,500
090435,500
029530,5000
180400,500
006220,5000
107640,500
079370,500
168360,500
030520,500
037460,500
069540,500
101930,500
027410,1000
114810,500
145990,5000
125490,100
001530,500
005945,5000
006910,500
042520,500
001200,5000
033160,500
092790,500
017810,500
215200,100
900290,1
105840,500
034950,5000
452260,500
340570,500
145720,500
357120,0
105630,500
004700,5000
016800,1000
031430,1000
192650,100
002710,1000
072710,5000
376270,500
091700,500
306200,5000
344820,1000
006340,500
078350,500
084010,1000
005610,5000
394280,100
015360,1000
228760,500
089890,500
008060,500
029460,500
069080,500
389260,100
417310,0
170900,5000
009290,1000
450950,100
220100,500
089590,1000
0001A0,500
078340,500
183190,500
084990,500
318060,500
080580,500
126720,200
308430,500
455900,500
000157,5000
230240,500
101730,500
441270,500
078020,5000
041830,500
494120,500
025860,1000
241770,500
317330,500
117730,500
104700,1000
026890,500
018250,1000
084850,500
089980,500
097520,500
110990,100
036170,1000
217730,500
234340,500
478340,100
001390,1000
060980,5000
006405,5000
034830,1000
091810,100
010690,500
078130,100
241520,500
003800,1000
065660,500
126560,500
036890,500
179900,500
298830,100
338840,500
035890,500
092870,500
035810,500
001940,1000
200670,500
194370,100
482630,500
352480,100
290550,500
002310,1000
079940,500
204620,500
015860,1000
114190,500
348950,0
073490,500
007690,5000
041920,500
144510,500
403550,100
330860,500
008350,500
092230,5000
053030,500
200880,500
009160,500
304360,500
046970,500
005720,500
314930,500
011760,5000
002810,500
053690,500
018000,500
394800,100
084690,1000
094360,500
365270,500
001230,5000
108860,500
049630,500
475400,500
474650,100
0015G0,500
043150,500
451760,500
086390,500
136480,500
017860,500
272450,1000
012030,500
389500,500
200130,500
462350,1000
419530,500
099430,500
094480,500
378340,500
093520,500
389020,500
046120,500
064820,500
011500,500
033270,500
051500,1000
286940,5000
448280,500
078520,500
001750,5000
096760,500
123890,500
042370,500
037270,500
005010,1000
003520,500
058970,500
064290,500
067390,500
215000,500
236200,500
416180,500
060720,500
000650,5000
003920,500
101360,500
128820,1000
900140,1
265520,500
322310,500
475560,500
088260,0
243070,500
045390,100
024720,500
151860,500
023410,500
472850,500
085910,500
017390,5000
243840,500
160980,500
052710,500
014940,500
001340,500
170920,500
003120,1000
115450,500
036200,500
099440,500
092200,500
023760,500
086820,500
003960,5000
251370,500
024060,100
064850,500
025770,500
0008Z0,500
001460,500
054950,500
445090,500
334890,0
012210,1000
002320,5000
095500,500
035600,500
002900,2500
006805,5000
255220,100
078070,500
037710,1000
049070,500
003070,5000
000490,1000
425040,500
091580,500
232530,500
274090,500
0007C0,500
058430,5000
001250,2500
092220,500
200470,500
005680,500
004360,500
138610,500
034120,5000
000320,500
357550,500
226590,500
221800,500
044450,500
108670,5000
0088M0,500
001780,500
361390,500
272110,500
452280,500
377190,0
294570,500
194480,500
321550,500
003200,500
018310,500
241590,500
092730,500
216080,500
267980,500
418550,100
051370,500
000540,5000
304100,500
004310,500
000430,500
035510,500
02826K,100
309710,500
001790,500
380550,1000
064550,500
013120,500
084680,1000
182400,100
007160,5000
092460,500
043370,500
0030R0,0
058820,500
452430,100
459510,500
035150,500
054210,500
194700,500
003720,500
126600,500
053300,500
404990,0
464080,100
067080,500
332570,500
256840,100
121800,500
012860,500
117580,1000
176750,500
013890,500
000050,500
033920,200
108380,500
030210,5000
402490,500
462860,100
000680,5000
009470,1000
377460,500
244920,500
353810,100
254490,100
036800,500
098120,500
094820,500
000390,500
005710,500
017890,500
042600,500
005500,1000
061970,500
474170,500
405100,500
001130,5000
122900,500
206640,1000
484810,500
136490,500
034810,500
065680,500
298690,1000
371950,500
382900,500
211270,500
950170,0
372170,100
126700,500
264450,500
199430,100
144960,100
214180,500
134380,100
289930,500
083310,500
002150,500
123330,500
403850,100
036030,1000
092070,500
481070,100
950250,0
382800,500
028100,500
457550,500
210980,1000
190510,500
338220,100
112290,1000
000480,500
388050,500
001630,2500
013580,5000
234690,500
004980,5000
019010,500
402030,500
018470,500
009680,500
432320,0
004380,500
199820,500
003547,5000
036560,500
010955,2500
388790,100
010580,500
004430,500
104480,500
394420,500
003220,500
004560,5000
053210,2500
950140,0
051905,5000
039560,500
100120,500
095570,1000
078150,500
065710,500
051360,500
475230,500
095700,500
432720,500
285490,500
314130,500
226320,500
119610,500
025000,5000
456010,500
115310,500
219130,500
068930,500
356680,100
079960,500
039840,500
036190,500
003350,500
007570,2500
123860,500
237880,500
102260,1000
179290,500
061090,500
056090,500
007860,500
297090,500
121440,500
016880,500
000140,5000
339770,500
008970,1000
299030,500
484120,500
080160,500
203400,500
041020,500
005950,5000
032620,500
039570,500
049080,500
213500,5000
270660,500
187870,500
473980,500
005960,5000
004090,500
001080,100
003610,500
439090,100
474610,100
008490,500
106190,500
004710,1000
461300,500
011560,500
118990,500
380540,100
131030,500
377450,100
000520,500
003555,5000
033530,500
003650,5000
289080,500
234080,2500
102120,500
083930,500
307750,100
293780,500
260870,500
011690,11690
417010,500
140670,500
0007J0,500
060150,500
487570,5000
452450,100
100250,500
489500,100
271980,500
123410,100
101530,500
114840,500
046440,500
002100,500
002990,5000
006060,500
357880,500
003460,1000
0011A0,500
016580,500
232680,500
001520,500
054450,500
049430,500
458650,500
365330,500
008830,500
081000,1000
001045,5000
086890,500
009070,500
039860,500
122990,500
101970,500
0004V0,1000
203650,100
282720,500
082800,2500
016790,100
017550,500
143160,500
146320,500
259630,500
015230,500
125020,500
042420,500
052330,500
400760,0
071840,5000
031440,5000
067000,500
140610,500
102460,500
047310,500
264660,500
300080,500
004960,5000
272550,5000
242040,100
005430,5000
143240,500
002230,500
092130,500
097955,5000
192410,200
005160,1000
323990,500
000860,500
334970,500
037560,2500
048870,500
047770,500
220260,100
108230,500
235980,500
068790,500
290690,500
002170,5000
038390,500
148150,500
340450,500
264850,100
217270,500
086980,500
357580,500
119830,500
011785,5000
012610,500
025820,500
038290,500
000300,500
267320,100
488280,500
322510,100
044820,500
229500,500
016450,500
037030,1000
418420,100
293580,500
023910,500
007330,1000
115440,500
090350,500
214390,500
009580,2500
101170,500
317400,1000
322180,100
462520,500
025620,500
012200,500
417840,500
307180,100
260970,500
001360,500
037070,500
138360,500
460850,5000
293480,500
011040,500
000700,2500
156100,500
100590,500
475580,200
054800,500
067280,500
069510,500
066620,500
333430,100
036710,500
214420,200
033340,500
408470,500
000020,1000
037350,500
282880,500
092190,500
355150,500
469610,500
032940,500
00279K,500
005860,500
192440,500
256940,500
003830,5000
089470,500
417500,100
210540,500
040300,1000
000970,500
027710,500
126730,500
011280,500
041440,500
129920,100
246710,500
009270,500
234030,100
023600,500
051980,500
038110,500
066410,500
046070,500
445180,500
013990,500
065450,200
182360,500
080420,500
078000,500
290740,500
086670,500
107600,500
456070,500
250060,100
053080,500
047560,500
062970,500
004970,500
389030,500
071200,500
095190,500
158430,100
147830,500
014280,1000
027970,1000
217820,500
007540,1000
093190,500
255440,500
321370,500
453450,200
104460,500
336680,500
464490,500
107590,500
149950,500
476040,500
408920,100
072870,500
083500,500
297890,500
263720,500
125210,500
029480,500
079810,500
004250,500
024800,500
005990,500
350520,0
002780,500
054620,500
070960,5000
298000,5000
306620,100
360070,500
049720,500
053700,500
015890,500
03473K,200
021080,500
331740,500
095270,500
021320,5000
006620,500
090850,500
021820,500
204610,100
017510,500
225530,500
079430,1000
003480,5000
004140,1000
065530,500
008040,500
073010,500
013520,500
094280,500
054920,500
0015S0,500
024090,500
083420,500
310200,100
054540,500
002390,500
049960,500
093640,500
109610,500
396270,500
123040,500
100130,500
004150,1000
122450,500
131370,100
136540,500
025950,500
011700,500
063570,500
363280,500
012800,500
136150,500
014160,500
090470,500
217950,500
052420,500
003100,1000
331920,500
014530,500
226400,500
016710,1000
105330,500
040160,500
000440,500
035000,1000
214680,100
005800,500
215790,500
092040,500
012320,5000
049520,500
085670,500
089600,500
382840,100
003310,500
215100,100
240550,500
096250,500
067990,500
010100,1000
007210,500
269620,100
413630,100
004080,500
023900,500
267290,2500
123690,500
489460,500
020120,500
109740,500
016740,2500
265740,100
002620,500
077500,500
228670,500
019180,500
013570,500
014790,5000
100700,100
067900,500
205100,100
035080,2500
307930,500
225190,100
054050,500
166480,500
014710,1000
141000,500
019680,500
095720,500
059120,500
005870,5000
088130,500
309960,1000
251120,500
366030,100
045970,500
071280,500
002460,5000
036690,500
063080,500
014580,500
139990,500
248170,500
120030,500
052260,500
063170,500
463020,500
036580,500
041520,500
049950,500
036010,500
066310,500
067830,1000
337930,500
009780,500
074430,100
004100,500
007110,500
0015N0,500
036220,500
032300,500
001020,500
014970,500
015590,500
290720,500
086710,500
038540,1000
023800,500
065440,500
013310,500
417970,500
018120,500
051160,500
493330,100
37550L,5000
209640,500
099750,500
396470,100
389140,500
115500,500
388870,500
034590,5000
059210,500
026150,500
084670,5000
267850,500
294630,500
298540,500
443670,100
053580,500
001290,1000
263860,500
109080,500
041590,500
317770,500
044990,500
024880,500
432470,100
223250,500
008700,500
033290,500
056360,500
010660,500
073560,500
053260,500
000230,1000
418470,500
048530,500
086960,200
046210,500
381620,100
036420,5000
079980,5000
024740,500
002200,500
047820,5000
950130,0
096240,500
067290,500
072950,500
078140,500
339950,100
305090,500
096350,500
058850,500
448710,100
227840,5000
002220,500
278650,100
048550,500
424960,500
330350,200
006840,5000
078890,500
013360,500
038460,500
452190,100
039340,500
238090,500
439580,100
002450,500
446540,500
205470,100
088390,500
011810,2500
001560,500
030960,500
330730,500
142210,500
081180,500
066700,500
308080,500
008260,500
036630,5000
208370,500
101330,500
001275,5000
149980,100
003580,500
039980,500
412350,500
175140,500
264900,200
059270,500
124560,100
091120,500
348080,500
054670,500
017370,500
101670,200
348150,500
023450,500
039610,500
163730,500
362320,500
303810,500
317830,100
396300,100
004840,500
187790,500
105740,500
172670,500
323350,100
011370,500
370090,500
001540,500
377480,500
173130,500
137950,500
950190,0
277880,500
163560,500
032560,500
315640,500
060560,100
063160,2500
006140,500
117670,500
007460,500
002720,1000
205500,500
004650,500
009300,1000
460940,500
039830,500
357230,500
040910,500
191420,500
311690,500
451220,500
120240,500
299170,100
348350,500
119650,500
083790,500
005740,500
000180,500
153460,500
006890,500
352090,100
201490,500
042510,2500
382480,100
246720,500
058630,500
012700,500
002700,500
078935,5000
066590,500
091440,500
228850,500
041930,500
004060,500
019550,500
004440,1000
000105,1000
007980,500
035610,500
128660,500
001260,5000
043610,500
058860,500
011150,500
082850,500
058400,500
443250,500
066790,500
382150,500
068240,500
265560,500
33626K,100
411080,100
006660,500
0010F0,500
413390,500
005750,1000
033320,500
010960,500
093920,500
311320,500
396690,0
013870,500
105550,500
036090,500
060570,500
088280,1000
109070,500
214270,500
084650,500
241690,500
033130,500
019540,500
261780,500
040420,500
085310,500
048910,500
084730,500
126880,500
007820,500
461030,100
217330,500
089230,1000
290660,500
014440,500
031820,500
007280,500
159010,500
023000,500
234300,500
302550,100
041910,500
042500,500
020710,500
014950,100
067570,500
110790,500
347860,500
347890,100
024830,500
419050,100
004890,5000
032850,500
065510,500
104040,100
340360,100
009180,500
044340,500
212560,500
338100,0
060590,500
131400,500
203690,500
068290,500
071090,500
360350,500
006880,500
214260,500
453860,500
000590,590
048430,500
373200,100
024840,500
290670,500
222040,500
072020,500
054040,500
451250,500
081150,500
096775,5000
296160,500
035460,500
038680,500
009200,2500
463480,200
033230,500
016250,5000
025550,500
099220,500
130580,500
214330,500
002600,5000
101140,500
263600,500
053280,500
251630,500
170030,500
094840,500
002800,500
076610,500
102370,500
111380,100
019990,500
046940,500
950220,0
036640,500
071670,500
216050,500
376930,500
273640,500
049180,500
261520,100
180060,500
014470,500
183490,500
052860,500
207760,100
037440,500
217500,100
004720,500
012690,500
053050,500
054930,5000
478560,100
458350,500
111710,200
064800,100
208140,100
010040,500
175250,500
100220,500
412540,500
001550,5000
007590,500
013700,500
187420,500
347000,500
055490,500
227950,100
459100,500
900250,1
027830,500
089850,500
378800,500
000725,5000
045660,500
142280,500
136410,500
009770,5000
204840,100
120115,5000
052900,500
023810,500
001470,1000
452400,500
072130,500
222160,500
321260,100
391710,100
061250,500
011320,500
060310,500
000850,5000
317870,500
011390,5000
192250,1000
041460,500
217190,500
475430,500
094940,500
163280,100
006090,5000
004540,1000
037760,500
215360,500
043710,500
417790,100
017650,500
294140,500
253840,500
053450,500
226330,500
331380,100
260930,500
039010,500
069730,500
246960,500
039240,100
153710,500
212710,500
072990,500
004590,100
306040,500
263800,500
016090,500
058730,500
171120,500
003925,500
424980,500
066980,500
317850,500
018500,500
0013V0,500
900260,1
037230,500
262260,500
134580,500
123420,500
241790,500
408900,100
003010,500
291650,500
003780,500
043650,500
017480,500
104620,500
010280,500
317690,500
159580,500
039020,1000
299660,500
168330,500
321820,500
061040,500
002795,500
234100,100
129260,500
435570,500
047400,500
027050,500
042940,5000
299900,500
162300,100
004830,500
140070,100
219550,100
036000,500
012790,500
094850,500
024910,500
307870,100
198440,100
042110,500
065170,500
006980,5000
052220,500
066430,500
000220,1000
234920,500
001620,500
155660,500
033310,500
095910,500
067920,500
222110,500
104540,500
010470,1000
002140,1000
127710,500
078590,500
040610,500
036670,500
317530,500
024900,500
065500,500
039420,500
036120,500
446840,100
155650,500
049480,500
073640,100
332370,500
111110,500
049470,100
000910,500
302430,500
452300,200
460870,100
459550,100
015710,500
004410,100
373160,500
479960,200
082210,500
246690,500
002760,200
089150,500
040350,500
072770,500
222420,100
372910,200
053350,500
196300,500
063440,500
037330,500
37550K,5000
109860,500
340440,100
072470,500
347740,500
010240,500
318160,500
145170,500
170790,500
054300,500
064240,500
099410,500
333620,100
001465,500
218150,100
049550,500
457370,500
206560,500
352910,500
393210,500
067370,500
087260,500
002630,2630
053270,500
007370,500
480370,100
092440,500
289220,500
122310,500
189980,100
033170,500
096630,200
068330,100
950200,0
173940,500
006370,5000
011000,1000
080010,500
456570,500
378850,500
137080,500
198080,500
088910,500
288620,500
004910,500
014190,500
004770,500
365590,100
079000,500
177900,500
001840,500
199550,500
303360,500
021050,500
006490,500
004780,500
294090,100
005305,500
215090,500
369370,100
261200,500
009835,5000
011330,500
033830,500
050960,500
080520,500
093240,500
185490,500
025560,500
037950,500
357250,0
053620,500
052790,500
143540,500
033200,500
053950,100
033560,500
263690,500
031310,500
009190,500
104200,500
017180,500
127980,100
092780,500
407400,100
196450,1000
219750,2
008370,500
092300,500
000890,500
090410,100
419120,500
033540,500
005670,500
238120,500
014990,500
351330,500
004450,5000
0010V0,500
053980,500
229000,500
297570,100
045340,500
237820,500
038010,500
429270,500
094970,500
003465,1000
041650,500
007680,500
075180,500
256630,100
099520,500
471820,100
403490,100
100030,500
066360,500
140430,100
245620,100
004920,500
007120,500
052460,500
114450,500
001210,500
000950,5000
133820,500
452200,100
277070,500
123700,500
440290,500
097800,500
069410,500
038070,500
073540,500
070300,500
089790,500
28513K,5000
011300,100
006920,500
122350,100
450330,500
340930,500
413640,500
332290,100
032540,500
179530,500
090080,500
032960,500
105760,500
419080,500
100660,500
384470,500
010770,500
066130,500
466410,500
023350,500
219420,100
003475,5000
065770,500
025530,500
012280,500
024950,500
053160,500
364950,500
043910,500
217480,200
106240,500
122690,500
007815,500
067170,500
311390,500
056700,500
032860,500
007610,500
476080,100
097870,500
189690,500
361570,500
064480,500
452160,100
460470,500
013720,1000
007530,500
126640,100
215380,500
026940,500
003080,500
023960,500
002410,1000
103840,100
049800,500
320000,100
352700,500
054780,500
190650,5000
314140,500
189860,500
465480,100
250000,500
016600,500
239890,500
363250,500
046310,500
260660,500
096610,500
088340,500
160550,500
027740,500
051490,500
057540,500
263810,500
186230,500
012160,500
200350,500
258610,500
432430,500
086040,500
065130,500
026040,500
025880,500
043340,500
038880,100
011420,500
393970,500
081580,500
008420,500
011230,1000
273060,100
091590,500
003060,500
388610,500
241840,500
300120,500
087600,500
288980,500
376180,100
006125,5000
335810,500
001380,500
058110,500
009320,500
006050,500
336060,100
060850,500
199480,500
148250,500
250030,500
066670,500
481850,0
129890,100
221840,500
263770,100
002290,500
257990,500
051390,500
224110,500
002360,500
418250,500
376290,500
383930,500
307280,500
097780,1000
082660,500
128540,100
044960,500
000215,5000
178780,500
048770,500
171010,500
464500,500
119500,500
073110,500
140520,500
464280,100
001000,100
263700,500
420570,500
398120,100
220180,500
317240,100
019770,500
051630,500
232830,500
002920,500
023440,500
417860,500
032790,500
020760,500
363260,500
069460,500
049830,500
122830,100
354200,1000
022220,500
005030,500
050860,500
083550,500
184230,100
465770,2500
263020,500
008870,5000
270520,100
101240,500
057030,500
462980,500
208860,500
074610,500
068050,500
351870,500
308170,500
290090,500
052600,500
080530,500
206400,500
189330,500
037370,1000
444530,500
359090,100
046390,200
288330,500
200780,200
270870,500
450520,500
145270,0
000760,5000
025750,1000
277410,100
357430,0
014570,500
057680,500
024120,500
008250,5000
013810,500
475460,100
256150,500
016670,500
133750,500
038870,500
003535,5000
065950,500
195500,500
203450,500
271830,100
142760,500
290120,500
475660,500
039290,500
084870,500
123570,500
200230,1000
462510,500
007720,500
021880,500
065650,500
434480,100
340810,500
466910,100
200580,500
257370,500
002880,500
043200,500
114630,500
159910,100
086060,500
469750,100
109820,500
291230,100
019490,500
318020,100
204020,500
019175,500
239610,500
221980,500
012620,500
373170,100
075970,1000
239340,100
356890,200
131100,500
35320K,500
025440,500
017040,500
228340,500
020180,500
290560,100
351320,100
318410,500
254120,100
150900,500
002870,500
452980,100
290520,500
223310,100
064090,500
430690,500
153490,500
455180,500
195990,500
263920,500
109960,500
065370,500
045060,500
010640,500
118000,500
006200,500
134790,500
285800,100
014910,500
464580,500
038620,500
075130,500
177830,500
347770,500
066910,500
027580,500
286750,500
000040,500
059100,500
262840,100
053290,500
112190,500
064520,500
038530,100
298060,500
310870,100
318000,200
130500,500
187270,500
146060,100
438700,500
032580,500
148780,500
354390,2500
035200,500
296640,500
021650,500
355390,500
238490,500
101000,500
225220,500
038060,500
196490,500
017000,5000
169330,500
099390,500
377220,100
004870,500
071850,500
079170,500
049120,500
009140,5000
013000,500
050120,50120
284620,500
147760,500
001070,1000
123010,500
068940,200
387570,100
001810,500
044480,100
187220,500
33637K,100
337840,500
462310,100
094860,500
451700,100
274400,500
353590,500
123840,1000
263050,500
019660,500
027040,100
092600,500
056730,500
005320,5320
005820,5000
090370,2500
023150,500
115480,500
290270,500
342870,500
004365,500
073570,500
303030,2
162120,500
060540,500
210120,200
038950,500
002690,500
333050,100
131220,500
322970,500
405920,5000
900300,1
009730,500
048470,500
252500,100
440320,100
008470,500
009460,500
024940,500
376980,500
434190,500
090150,500
179720,500
089140,2500
258790,100
335870,100
002025,5000
367000,500
495810,100
301300,500
304840,500
051380,500
068100,500
088790,500
014130,500
039740,500
006740,500
446070,1000
045510,500
236810,100
018680,500
270210,500
446440,500
054220,500
024890,500
208710,500
131090,500
227420,500
900310,900310
009810,500
003680,5000
115160,500
115610,500
033250,500
066900,500
005360,1000
303530,500
900340,1
024070,500
397810,500
258830,100
039310,500
045300,500
069140,500
002420,500
032750,500
431190,500
006570,1000
047080,500
033050,1000
148930,500
063760,500
246250,500
123750,500
052300,5000
138070,500
083640,100
405000,500
091340,500
196700,500
432980,500
083470,500
010400,500
243870,500
368600,500
050110,500
080470,500
002820,1000
457600,100
216400,500
079650,100
191410,500
096690,2500
237750,500
317120,500
069640,500
015260,500
311060,500
031510,500
900100,1
030720,5000
115530,100
222980,500
279600,500
085810,500
016100,500
377330,500
032080,500
372800,500
318010,500
060380,500
109670,500
036480,500
016920,500
076080,500
900110,1
227610,500
023770,500
33626L,100
023790,500
007770,500
328380,100
042040,100
101400,500
034940,500
060900,500
002355,500
424760,100
139670,500
233990,100
355690,500
060230,100
044780,500
198940,500
900070,900070
004270,500
067730,500
131760,500
103230,500
043220,500
226340,100
070590,500
224060,500
464680,100
208350,500
131180,100
217620,100
377030,500
093380,500
417180,100
267790,500
406820,500
188040,200
331520,100
008775,5000
054090,500
005110,500
208640,100
115570,500
143210,500
021040,2500
002210,1000
003495,5000
278990,500
059180,500
078860,100
362990,100
037400,500
193250,100
044380,200
012170,500
011090,500
418620,500
197140,500
206950,500
032680,200
353190,100
900270,1
348030,100
403360,500
373110,500
309930,100
002680,500
054940,500
352940,500
101680,500
139050,500
207490,500
336040,500
308100,500
020400,1000
121890,500
154030,500
067010,500
130740,500
091970,500
415380,500
240600,500
113810,500
00499K,200
032280,1000
322780,100
043360,500
009310,500
291810,500
137940,100
389680,100
065150,100
019570,500
225590,100
050760,500
365900,500
001685,1000
017250,500
001420,500
238200,500
192390,500
001515,500
312610,500
076340,500
191600,500
053060,500
289010,500
025890,500
403810,100
275630,500
045520,500
177350,500
080720,500
084180,5000
098660,500
048830,500
230980,100
247660,500
110020,500
054410,500
065690,500
018620,500
102950,500
154040,500
014100,500
199730,500
084440,100
060260,500
215480,500
317860,500
134060,500
015020,500
019685,500
001770,5000
096870,500
361670,500
018700,1000
060480,500
419540,100
088290,500
069920,500
005257,500
071950,500
341170,500
067770,500
254160,500
217880,500
214610,500
344860,100
028080,500
222670,500
065420,100
051780,500
368970,500
011080,500
043590,500
032980,500
331660,500
18064K,2500
035620,500
009620,100
025870,500
083660,200
476710,100
009440,500
45226K,500
052960,500
152550,0
008600,1000
086220,500
250930,100
276730,500
069330,500
477380,100
241820,500
482680,100
001795,500
002070,500
035290,500
176590,500
012340,500
108675,5000
008500,1000
204210,0
121850,500
000087,5000
0072Z0,100
233250,500
106520,1000
050090,500
032800,500
005725,500
0101C0,100
225430,100
0130H0,100
477340,100
457630,100
0044K0,100
208850,1000
469880,100
030350,500
368030,5000
008290,500
900120,1
073190,500
0115H0,100
473050,100
227100,500
478440,100
079950,500
379390,500
302920,500
351020,100
479880,100
140910,0
0099W0,100
223220,100
004105,500
065060,500
352770,100
188260,500
244460,500
489480,100
001755,5000
481890,100
489730,100
084695,1000
031860,500
0096B0,100
149010,500
477760,100
33637L,100
0097F0,100
0099X0,100
058450,500
478390,100
0037T0,100
0093G0,100
0054V0,100
492220,100
482520,100
0088D0,100
471050,100
054180,500
217320,500
079190,500
224760,500
004255,500
289170,500
0091W0,100
456190,500
065570,500
0041L0,100
00806K,500
145995,5000
38380K,1000
482690,100
001067,2500
477470,100
003075,5000
0132G0,100
0071M0,100
253610,500
487360,100
469900,100
060240,500
474660,100
496070,100
0105P0,100
474490,100
169670,500
0098T0,100
199150,500
489210,100
452670,100
486630,100
0096D0,100
0004Y0,100
493790,100
0130D0,100
00781K,500
455310,100
043100,500
466690,100
0041B0,100
114920,500
478110,100
03481K,500
006345,500
189350,500
238500,200
498390,100
472220,100
178600,500
000225,1000
488060,100
026910,500
012205,500
244880,500
145210,500
106080,1000
467930,100
447690,500
484130,100
469480,100
464440,100
462020,100
001065,2500
473950,100
487830,100
465320,100
468760,100
004835,500
487720,100
472230,100
0068Y0,100
185190,200
0041J0,100
224810,500
251280,500
103660,500
318660,500
004985,5000
475250,100
202960,500
066830,500
474930,100
212310,500
079970,500
000325,500
276040,500
26490K,200
215570,500
473000,100
234070,500
236340,500
199290,500
101390,500
475240,100
090355,500
276240,500
236030,500
092590,500
044180,500
000145,5000
267080,500
000545,5000
266350,500
311960,500
313760,500
36328K,500
009415,500
258050,100
327610,500
007575,2500
121060,500
008355,500
346010,500
116100,500
005965,5000
043090,500
002995,5000
299480,100
052770,500
014825,5000
140660,500
390110,500
217910,100
093510,500
005745,500
014285,1000
208890,1000
004545,1000
136660,500
266470,500
000227,1000
002785,500
245450,500
413300,500
296520,500
014915,500
001525,500
004415,100
011155,500
402420,500
002787,500
448780,500
332190,100
021045,2500
001527,500
149300,500
032685,200
279060,100
266170,500
