기준일(월말),시장,종목명,종목코드,기준가,1개월(%),3개월(%),6개월(%),12개월(%),모멘텀스코어,전달순위,다음달수익률(%)
2026-03-31,KOSDAQ,성호전자,043260,37750,46.03,308.55,3543.82,3697.79,2735.29,1,0.0
2026-03-31,KOSDAQ,우리기술,032820,20400,19.23,460.44,403.7,1056.46,771.88,2,0.0
2026-03-31,KOSDAQ,대한광통신,010170,7240,68.57,239.59,421.61,1362.63,640.72,3,0.0
2026-03-31,KOSPI,대우건설,047040,15550,53.35,307.07,334.36,393.65,464.89,4,0.0
2026-03-31,KOSDAQ,삼천당제약,000250,829000,0.48,256.56,284.69,402.42,427.83,5,0.0
2026-03-31,KOSDAQ,삼표시멘트,038500,14800,-14.7,196.59,361.06,396.64,424.48,6,0.0
2026-03-31,KOSDAQ,스피어,347700,43200,0.7,194.08,314.59,486.16,409.44,7,0.0
2026-03-31,KOSPI,미래에셋증권,006800,61600,-14.07,164.96,189.79,574.7,348.84,8,0.0
2026-03-31,KOSDAQ,아주IB투자,027360,8120,39.76,181.46,266.59,296.1,317.8,9,0.0
2026-03-31,KOSDAQ,미래에셋벤처투자,100790,26750,22.43,114.86,229.03,501.8,295.55,10,0.0
2026-03-31,KOSPI,코리아써키트,007810,70000,18.85,44.93,303.69,566.67,291.7,11,0.0
2026-03-31,KOSDAQ,아이티센글로벌,124500,45650,-21.97,50.66,158.2,663.38,263.29,12,0.0
2026-03-31,KOSDAQ,앱클론,174900,56700,-8.25,33.41,205.66,613.21,256.33,13,0.0
2026-03-31,KOSDAQ,RFHIC,218410,75000,32.04,129.71,152.53,434.95,251.0,14,0.0
2026-03-31,KOSDAQ,에스피지,058610,104600,-27.66,28.66,278.3,360.79,248.07,15,0.0
2026-03-31,KOSDAQ,ISC,095340,233000,20.85,109.72,199.49,349.81,247.06,16,0.0
2026-03-31,KOSDAQ,현대바이오,048410,13300,-15.18,167.88,150.0,144.49,245.79,17,0.0
2026-03-31,KOSDAQ,휴림로봇,090710,10300,-28.62,38.26,221.88,422.58,240.37,18,0.0
2026-03-31,KOSDAQ,현대무벡스,319400,23850,-31.07,26.93,157.0,617.29,239.04,19,0.0
2026-03-31,KOSDAQ,쎄트렉아이,099320,160500,-15.62,133.97,132.95,263.12,234.08,20,0.0
2026-03-31,KOSPI,현대건설,000720,142100,-13.72,102.71,161.21,295.27,228.69,21,0.0
2026-03-31,KOSPI,SK이터닉스,475150,54300,88.54,162.32,150.81,334.05,227.8,22,0.0
2026-03-31,KOSPI,한미반도체,042700,251000,-22.41,97.02,160.1,268.04,222.48,23,0.0
2026-03-31,KOSDAQ,로킷헬스케어,376900,124800,83.26,90.53,379.08,0.0,220.34,24,0.0
2026-03-31,KOSDAQ,제이에스링크,127120,37950,-2.82,112.61,76.92,443.7,218.69,25,0.0
2026-03-31,KOSDAQ,파두,440110,45950,-22.51,116.24,107.92,297.15,217.63,26,0.0
2026-03-31,KOSDAQ,피에스케이,319660,79500,24.02,115.45,142.75,294.54,210.63,27,0.0
2026-03-31,KOSDAQ,비나텍,126340,115100,-6.88,60.08,143.24,424.16,207.96,28,0.0
2026-03-31,KOSPI,대덕전자,353200,76700,22.52,62.85,171.5,388.54,202.47,29,0.0
2026-03-31,KOSDAQ,비에이치아이,083650,92500,-1.07,76.86,95.97,436.85,197.38,30,0.0
2026-03-31,KOSPI,미래에셋증권2우B,00680K,18860,-16.27,71.55,102.73,376.62,192.07,31,0.0
2026-03-31,KOSDAQ,기가비스,420770,72700,0.97,130.79,101.39,181.24,191.09,32,0.0
2026-03-31,KOSDAQ,원익IPS,240810,108100,-13.93,59.2,130.0,346.69,188.67,33,0.0
2026-03-31,KOSDAQ,에코프로,086520,139500,-24.59,53.63,193.99,180.97,188.39,34,0.0
2026-03-31,KOSPI,LS ELECTRIC,010120,718000,-8.77,56.09,152.37,309.58,187.36,35,0.0
2026-03-31,KOSDAQ,두산테스나,131970,101300,48.97,90.41,154.2,305.2,185.99,36,0.0
2026-03-31,KOSPI,한화시스템,272210,114100,0.44,109.74,91.76,255.45,184.55,37,0.0
2026-03-31,KOSDAQ,인텔리안테크,189300,110900,-8.35,86.39,135.21,218.22,184.53,38,0.0
2026-03-31,KOSDAQ,유진로봇,056080,24300,-33.52,68.75,124.79,244.19,182.99,39,0.0
2026-03-31,KOSPI,SK스퀘어,402340,466500,-27.67,26.77,131.51,399.46,180.9,40,0.0
2026-03-31,KOSDAQ,에이치브이엠,295310,73500,-2.0,24.79,195.77,277.7,174.26,41,0.0
2026-03-31,KOSPI,효성중공업,298040,2456000,-13.0,37.9,83.28,473.16,173.09,42,0.0
2026-03-31,KOSDAQ,피에스케이홀딩스,031980,95200,9.17,105.62,109.0,172.39,168.88,43,0.0
2026-03-31,KOSDAQ,뉴로메카,348340,59900,-26.68,82.07,115.47,153.81,167.49,44,0.0
2026-03-31,KOSDAQ,로보티즈,108490,241000,-16.46,-7.66,49.97,683.18,163.72,45,0.0
2026-03-31,KOSPI,SK하이닉스,000660,807000,-23.94,23.96,132.23,323.18,161.89,46,0.0
2026-03-31,KOSDAQ,비츠로셀,082920,35600,68.32,102.04,142.84,200.19,158.93,47,0.0
2026-03-31,KOSPI,세아베스틸지주,001430,64400,-6.8,28.29,155.56,268.42,157.49,48,0.0
2026-03-31,KOSPI,미래에셋생명,085620,16130,21.1,71.96,107.33,260.85,152.85,49,0.0
2026-03-31,KOSDAQ,주성엔지니어링,036930,60700,8.2,119.13,96.44,59.11,151.25,50,0.0
2026-03-31,KOSPI,삼성전기,009150,407500,-9.14,59.8,110.59,215.65,150.84,51,0.0
2026-03-31,KOSDAQ,올릭스,226950,185100,2.83,31.84,94.84,383.29,148.13,52,0.0
2026-03-31,KOSDAQ,케이엠더블유,032500,25450,36.1,76.74,116.78,231.38,148.01,53,0.0
2026-03-31,KOSDAQ,에스티큐브,052020,16800,88.13,104.88,138.98,168.8,143.09,54,0.0
2026-03-31,KOSDAQ,큐리언트,115180,36450,13.02,20.5,122.26,337.05,138.42,55,0.0
2026-03-31,KOSPI,현대차,005380,445500,-33.9,50.25,107.21,125.91,135.94,56,0.0
2026-03-31,KOSDAQ,브이엠,089970,38750,-6.85,28.31,121.43,245.67,135.92,57,0.0
2026-03-31,KOSPI,한전기술,052690,151300,-13.59,68.11,80.55,163.13,134.19,58,0.0
2026-03-31,KOSDAQ,태웅,044490,49650,39.86,92.82,59.9,246.72,133.62,59,0.0
2026-03-31,KOSDAQ,큐리옥스바이오시스템즈,445680,101400,-15.22,-13.33,50.45,557.16,133.6,60,0.0
2026-03-31,KOSPI,코오롱인더,120110,73000,7.99,62.76,114.71,150.0,133.57,61,0.0
2026-03-31,KOSDAQ,원익홀딩스,030530,26150,-25.29,-46.3,78.5,590.89,133.03,62,0.0
2026-03-31,KOSPI,OCI홀딩스,010060,187800,23.55,63.02,112.44,190.26,132.91,63,0.0
2026-03-31,KOSDAQ,서진시스템,178320,42500,-10.62,67.98,99.06,106.81,130.59,64,0.0
2026-03-31,KOSPI,삼성전자,005930,167200,-22.77,39.45,99.28,189.27,130.44,65,0.0
2026-03-31,KOSPI,두산,000150,1026000,-19.72,31.37,89.65,250.77,129.93,66,0.0
2026-03-31,KOSDAQ,티에스이,131290,105700,21.49,83.51,98.31,120.67,129.35,67,0.0
2026-03-31,KOSPI,현대지에프홀딩스,005440,13750,-14.06,65.26,71.23,168.03,128.47,68,0.0
2026-03-31,KOSDAQ,선익시스템,171090,83800,-36.03,59.62,79.64,113.5,128.23,69,0.0
2026-03-31,KOSPI,현대오토에버,307950,358500,-28.44,7.98,134.77,200.5,128.09,70,0.0
2026-03-31,KOSPI,에이피알,278470,337000,7.84,45.89,34.8,382.81,126.75,71,0.0
2026-03-31,KOSDAQ,펄어비스,263750,69000,28.73,84.49,94.64,130.0,126.55,72,0.0
2026-03-31,KOSDAQ,제주반도체,080220,35100,-31.04,33.21,94.03,180.35,125.17,73,0.0
2026-03-31,KOSDAQ,리노공업,058470,94400,-11.11,56.55,83.3,150.64,122.58,74,0.0
2026-03-31,KOSDAQ,대주전자재료,078600,126100,25.22,98.58,91.06,52.11,122.21,75,0.0
2026-03-31,KOSDAQ,씨아이에스,222080,11600,-21.03,74.44,79.01,60.44,121.66,76,0.0
2026-03-31,KOSDAQ,오름테라퓨틱,475830,86000,-34.0,-28.33,156.72,243.31,121.35,77,0.0
2026-03-31,KOSPI,삼성SDI,006400,408000,-12.45,51.39,99.02,121.08,121.06,78,0.0
2026-03-31,KOSPI,이수스페셜티케미컬,457190,89300,-22.48,50.84,92.25,110.37,120.11,79,0.0
2026-03-31,KOSDAQ,보로노이,310210,307000,-8.22,41.15,88.92,189.08,119.31,80,0.0
2026-03-31,KOSPI,키움증권,039490,410500,-11.91,41.8,67.55,223.48,117.86,81,0.0
2026-03-31,KOSPI,일진전기,103590,69500,-22.35,27.76,96.88,179.12,117.64,82,0.0
2026-03-31,KOSDAQ,코오롱티슈진,950160,106700,-0.28,34.05,122.99,138.7,116.61,83,0.0
2026-03-31,KOSPI,효성티앤씨,298020,379000,-10.93,70.34,77.1,74.65,115.22,84,0.0
2026-03-31,KOSDAQ,유진테크,084370,110700,-17.39,47.6,58.37,190.17,113.99,85,0.0
2026-03-31,KOSDAQ,케어젠,214370,90800,-33.63,26.46,45.28,262.48,113.12,86,0.0
2026-03-31,KOSDAQ,에스앤에스텍,101490,75900,-23.1,57.14,53.49,142.11,112.43,87,0.0
2026-03-31,KOSDAQ,삼현,437730,45000,-25.0,-18.48,87.89,342.91,110.25,88,0.0
2026-03-31,KOSDAQ,에이프릴바이오,397030,54500,-24.52,-0.73,76.38,300.15,109.89,89,0.0
2026-03-31,KOSDAQ,에이비엘바이오,298380,165900,-14.48,-17.05,79.55,381.57,109.69,90,0.0
2026-03-31,KOSPI,엘앤에프,066970,143900,14.48,51.16,93.67,140.64,108.65,91,0.0
2026-03-31,KOSDAQ,디앤디파마텍,347850,67800,-26.62,-26.14,34.79,489.62,107.72,92,0.0
2026-03-31,KOSDAQ,이오테크닉스,039030,384500,-8.12,41.36,65.02,189.97,107.66,93,0.0
2026-03-31,KOSPI,두산에너빌리티,034020,91800,-13.64,21.91,46.41,291.47,105.85,94,0.0
2026-03-31,KOSPI,HD현대,267250,239000,-18.29,26.79,53.8,229.66,103.41,95,0.0
2026-03-31,KOSDAQ,쏠리드,050890,12630,50.18,71.37,101.76,97.96,102.48,96,0.0
2026-03-31,KOSDAQ,하림지주,003380,13550,-16.15,27.47,84.6,142.4,100.83,97,0.0
2026-03-31,KOSDAQ,티씨케이,064760,228500,1.78,60.69,30.57,187.06,100.36,98,0.0
2026-03-31,KOSDAQ,태성,323280,50600,-35.95,13.71,93.87,104.44,96.76,99,0.0
2026-03-31,KOSPI,삼성전자우,005935,114000,-20.72,27.8,71.69,141.53,96.75,100,0.0
2026-03-31,KOSDAQ,인벤티지랩,389470,65500,-30.02,-22.21,41.01,385.19,94.79,101,0.0
2026-03-31,KOSDAQ,티에프이,425420,58100,36.38,59.62,38.5,220.82,92.91,102,0.0
2026-03-31,KOSPI,한국항공우주,047810,164700,-13.99,43.97,52.5,119.6,92.34,103,0.0
2026-03-31,KOSDAQ,LS머트리얼즈,417200,17620,0.23,44.66,83.73,65.6,90.6,104,0.0
2026-03-31,KOSPI,롯데에너지머티리얼즈,020150,41400,-7.38,35.52,83.19,84.41,90.58,105,0.0
2026-03-31,KOSPI,NH투자증권,005940,29600,-16.62,40.28,52.42,111.13,88.97,106,0.0
2026-03-31,KOSPI,대한전선,001440,26700,-25.83,16.59,72.04,133.6,88.93,107,0.0
2026-03-31,KOSDAQ,온코닉테라퓨틱스,476060,21050,-10.43,7.67,63.5,224.5,88.0,108,0.0
2026-03-31,KOSPI,신영증권,001720,184400,-18.23,37.51,39.27,145.54,87.87,109,0.0
2026-03-31,KOSDAQ,에코프로비엠,247540,192200,-13.23,31.11,70.09,99.79,86.5,110,0.0
2026-03-31,KOSPI,한국금융지주,071050,202500,-21.66,25.23,39.66,177.4,86.32,111,0.0
2026-03-31,KOSDAQ,엘앤씨바이오,290650,67300,-31.74,10.15,24.63,234.83,83.27,112,0.0
2026-03-31,KOSPI,LS,006260,256000,-10.02,28.06,53.29,143.35,82.78,113,0.0
2026-03-31,KOSDAQ,레인보우로보틱스,277810,521000,-39.42,10.73,68.61,97.35,82.07,114,0.0
2026-03-31,KOSPI,한화,000880,107100,-21.6,31.25,26.6,161.54,81.4,115,0.0
2026-03-31,KOSPI,롯데쇼핑,023530,108200,0.46,49.24,52.82,78.55,81.28,116,0.0
2026-03-31,KOSPI,한화솔루션,009830,37150,-29.91,38.62,30.12,101.79,81.27,117,0.0
2026-03-31,KOSPI,효성,004800,128500,-23.96,12.03,51.35,167.99,80.88,118,0.0
2026-03-31,KOSPI,한올바이오파마,009420,55300,-10.37,26.4,68.34,101.46,80.77,119,0.0
2026-03-31,KOSPI,신세계,004170,300500,-18.45,21.66,60.61,119.18,80.7,120,0.0
2026-03-31,KOSDAQ,SFA반도체,036540,5990,-24.18,30.93,46.28,99.0,79.77,121,0.0
2026-03-31,KOSDAQ,하나머티리얼즈,166090,60900,-2.4,41.3,51.68,97.73,79.63,122,0.0
2026-03-31,KOSPI,삼성생명,032830,210500,-8.48,33.57,34.42,153.92,79.09,123,0.0
2026-03-31,KOSDAQ,테스,095610,55400,-24.73,24.35,28.24,155.3,77.03,124,0.0
2026-03-31,KOSPI,한화비전,489790,71000,-16.86,58.13,33.71,25.22,76.83,125,0.0
2026-03-31,KOSPI,DL이앤씨,375500,66800,30.72,62.33,59.43,60.58,76.33,126,0.0
2026-03-31,KOSPI,에스엘,005850,55400,-24.52,29.29,63.42,44.46,76.29,127,0.0
2026-03-31,KOSPI,S-Oil,010950,105300,-4.27,26.87,68.75,87.7,75.55,128,0.0
2026-03-31,KOSPI,영원무역홀딩스,009970,219000,-12.22,14.36,57.89,144.69,75.49,129,0.0
2026-03-31,KOSPI,DN오토모티브,007340,38150,40.26,56.35,66.96,85.19,75.47,130,0.0
2026-03-31,KOSPI,대신증권,003540,35250,-21.4,30.56,33.52,117.32,75.37,131,0.0
2026-03-31,KOSPI,HD현대일렉트릭,267260,832000,-20.76,7.49,42.96,184.93,74.84,132,0.0
2026-03-31,KOSPI,한국카본,017960,38850,-7.28,30.15,18.81,186.93,74.55,133,0.0
2026-03-31,KOSPI,SK,034730,301000,-24.94,17.35,43.33,132.25,74.47,134,0.0
2026-03-31,KOSDAQ,레이크머티리얼즈,281740,19510,-17.51,32.27,59.53,40.66,72.47,135,0.0
2026-03-31,KOSPI,삼성E&A,028050,35700,-1.92,48.44,33.21,80.49,72.42,136,0.0
2026-03-31,KOSDAQ,솔브레인,357780,364000,-18.29,38.93,26.17,93.0,71.98,137,0.0
2026-03-31,KOSPI,더존비즈온,012510,119100,0.59,39.14,33.97,116.15,71.23,138,0.0
2026-03-31,KOSDAQ,메디포스트,078160,21200,-3.42,16.55,55.77,141.73,71.18,139,0.0
2026-03-31,KOSDAQ,에스티팜,237690,144600,-5.06,21.31,61.56,100.55,70.47,140,0.0
2026-03-31,KOSPI,한화생명,088350,4430,-10.6,36.1,40.86,74.07,69.42,141,0.0
2026-03-31,KOSDAQ,토모큐브,475960,53600,-18.29,5.1,10.29,255.2,69.41,142,0.0
2026-03-31,KOSPI,두산우,000155,440000,-28.22,-6.38,25.89,233.84,68.72,143,0.0
2026-03-31,KOSPI,포스코인터내셔널,047050,71500,-0.97,44.15,47.57,45.18,68.63,144,0.0
2026-03-31,KOSDAQ,태광,023160,35000,24.33,61.29,35.66,69.49,68.59,145,0.0
2026-03-31,KOSDAQ,차바이오텍,085660,17350,-19.86,18.27,56.59,74.02,67.64,147,0.0
2026-03-31,KOSDAQ,고영,098460,24450,-23.23,6.77,69.2,80.04,67.64,146,0.0
2026-03-31,KOSDAQ,코오롱생명과학,102940,56600,-11.29,9.48,67.46,103.23,67.6,148,0.0
2026-03-31,KOSPI,씨에스윈드,112610,59600,10.99,43.27,42.24,75.81,65.41,149,0.0
2026-03-31,KOSPI,고려아연,010130,1422000,-29.95,8.05,54.4,82.78,65.17,150,0.0
2026-03-31,KOSPI,LX인터내셔널,001120,45250,6.22,39.23,41.63,79.56,65.0,151,0.0
2026-03-31,KOSPI,LIG넥스원,079550,611000,20.04,45.13,19.1,146.37,64.91,152,0.0
2026-03-31,KOSDAQ,메지온,140410,86600,-38.8,-3.88,33.23,157.74,64.45,153,0.0
2026-03-31,KOSPI,SK텔레콤,017670,76400,-4.26,42.8,40.7,37.66,64.25,154,0.0
2026-03-31,KOSPI,기아,000270,145200,-29.34,19.21,44.19,57.31,63.6,155,0.0
2026-03-31,KOSPI,한미약품,128940,515000,-13.15,13.94,40.33,128.38,63.57,156,0.0
2026-03-31,KOSPI,HD건설기계,267270,125100,-11.09,27.13,34.66,90.41,62.66,157,0.0
2026-03-31,KOSDAQ,클로봇,466100,48350,-34.84,-23.25,68.47,147.19,62.49,158,0.0
2026-03-31,KOSPI,삼성물산,028260,253500,-27.67,5.85,37.32,116.85,60.55,159,0.0
2026-03-31,KOSPI,삼성증권,016360,92400,-13.48,22.55,28.87,104.2,60.05,160,0.0
2026-03-31,KOSDAQ,원익QnC,074600,29800,-4.33,38.93,25.47,66.48,59.34,161,0.0
2026-03-31,KOSDAQ,하나마이크론,067310,27800,-23.2,7.96,25.51,137.61,58.25,162,0.0
2026-03-31,KOSPI,현대위아,011210,77100,-23.89,1.85,59.3,74.43,57.96,163,0.0
2026-03-31,KOSPI,DB하이텍,000990,78500,-17.97,16.12,38.2,83.63,57.71,164,0.0
2026-03-31,KOSPI,두산퓨얼셀,336260,33400,-16.08,15.77,17.19,140.12,57.28,165,0.0
2026-03-31,KOSDAQ,휴온스글로벌,084110,66300,4.91,29.49,44.44,64.93,56.35,166,0.0
2026-03-31,KOSPI,산일전기,062040,134900,-19.08,3.69,22.52,162.45,56.24,167,0.0
2026-03-31,KOSDAQ,코나아이,052400,54500,-18.41,20.04,13.9,118.0,55.79,168,0.0
2026-03-31,KOSPI,현대글로비스,086280,207500,-28.32,14.89,25.45,84.61,55.73,169,0.0
2026-03-31,KOSPI,KCC,002380,482000,-25.96,14.63,25.52,90.89,55.62,170,0.0
2026-03-31,KOSDAQ,에프에스티,036810,36500,-17.14,19.09,24.77,96.83,55.59,171,0.0
2026-03-31,KOSDAQ,다우데이타,032190,21950,-17.17,19.29,25.21,94.59,55.55,172,0.0
2026-03-31,KOSPI,LG이노텍,011070,293500,-7.99,8.3,56.28,83.55,55.49,173,0.0
2026-03-31,KOSPI,현대차우,005385,229000,-28.77,11.17,40.4,55.47,54.61,174,0.0
2026-03-31,KOSPI,한솔케미칼,014680,252500,-25.3,10.99,20.81,113.44,54.53,175,0.0
2026-03-31,KOSDAQ,제룡전기,033100,43500,-22.04,23.93,32.22,37.22,53.72,176,0.0
2026-03-31,KOSDAQ,펩트론,087010,293500,2.98,15.55,-2.17,219.02,53.67,177,0.0
2026-03-31,KOSPI,LG전자,066570,105600,-27.52,14.91,39.68,36.79,52.89,178,0.0
2026-03-31,KOSPI,현대차2우B,005387,232500,-28.13,9.41,39.64,56.78,52.77,179,0.0
2026-03-31,KOSPI,HJ중공업,097230,21750,-14.03,3.33,-22.32,268.64,52.24,180,0.0
2026-03-31,KOSDAQ,서부T&D,006730,13040,-16.68,-0.46,32.79,137.09,51.79,181,0.0
2026-03-31,KOSPI,포스코퓨처엠,003670,203500,-17.61,8.82,41.81,74.52,51.67,182,0.0
2026-03-31,KOSPI,다우기술,023590,43150,-20.53,11.07,17.57,118.59,51.63,183,0.0
2026-03-31,KOSPI,DB손해보험,005830,163800,-10.54,24.94,18.27,84.88,51.33,184,0.0
2026-03-31,KOSPI,이수페타시스,007660,98000,-23.2,-17.79,37.45,175.28,51.15,185,0.0
2026-03-31,KOSDAQ,피엔티,137400,47300,-13.53,25.8,38.51,21.75,51.01,186,0.0
2026-03-31,KOSPI,한화에어로스페이스,012450,1249000,4.52,32.73,12.83,102.3,50.8,187,0.0
2026-03-31,KOSPI,에코프로머티,450080,67000,-6.82,28.6,41.65,15.92,50.29,188,0.0
2026-03-31,KOSPI,한온시스템,018880,3740,-19.4,26.14,31.92,10.72,48.71,189,0.0
2026-03-31,KOSPI,GS,078930,63800,-7.13,13.32,38.85,73.37,48.32,190,0.0
2026-03-31,KOSPI,팬오션,028670,4895,-7.29,27.14,26.81,45.04,47.77,191,0.0
2026-03-31,KOSPI,우리금융지주,316140,32050,-10.97,14.46,23.51,94.24,47.66,192,0.0
2026-03-31,KOSDAQ,와이씨,232140,16810,-22.18,16.09,24.52,55.07,47.23,193,0.0
2026-03-31,KOSDAQ,리가켐바이오,141080,192000,0.16,10.54,36.65,102.32,47.14,194,0.0
2026-03-31,KOSDAQ,동국제약,086450,23600,15.69,37.61,25.0,61.53,47.05,195,0.0
2026-03-31,KOSDAQ,LS마린솔루션,060370,29100,-13.13,-2.84,30.49,134.0,46.34,196,0.0
2026-03-31,KOSPI,신한지주,055550,87700,-9.49,14.04,23.87,86.4,45.2,197,0.0
2026-03-31,KOSPI,코스모신소재,005070,51600,-11.64,19.17,33.16,35.79,44.9,198,0.0
2026-03-31,KOSPI,JB금융지주,175330,29700,-6.46,15.79,29.41,70.59,44.68,199,0.0
2026-03-31,KOSDAQ,나노신소재,121600,61200,-14.29,22.52,35.1,6.62,44.03,200,0.0
2026-03-31,KOSDAQ,HPSP,403870,40900,-8.81,22.09,21.19,56.41,43.95,201,0.0
2026-03-31,KOSPI,하나금융지주,086790,106600,-12.48,13.28,22.25,78.86,43.76,203,0.0
2026-03-31,KOSPI,KB금융,105560,141900,-10.75,13.79,22.86,79.62,43.76,202,0.0
2026-03-31,KOSPI,GS건설,006360,25100,12.05,27.41,36.41,48.0,43.71,204,0.0
2026-03-31,KOSDAQ,솔브레인홀딩스,036830,45400,-18.49,21.72,6.82,63.6,42.75,205,0.0
2026-03-31,KOSDAQ,코미코,183300,107300,-3.51,21.38,10.16,91.61,42.26,206,0.0
2026-03-31,KOSPI,BNK금융지주,138930,17890,-10.24,12.73,22.62,74.54,41.52,207,0.0
2026-03-31,KOSDAQ,성광벤드,014620,35100,0.29,36.31,7.01,44.15,41.24,208,0.0
2026-03-31,KOSPI,BGF리테일,282330,139300,11.62,32.92,28.98,27.33,40.48,209,0.0
2026-03-31,KOSDAQ,유일로보틱스,388720,87000,-28.92,4.57,27.94,41.92,40.47,210,0.0
2026-03-31,KOSDAQ,동진쎄미켐,005290,44250,-19.4,20.74,7.53,51.8,40.42,211,0.0
2026-03-31,KOSDAQ,덕산네오룩스,213420,50200,20.24,37.53,6.36,85.93,40.27,212,0.0
2026-03-31,KOSDAQ,큐로셀,372320,49100,-9.74,9.23,19.17,91.42,40.13,213,0.0
2026-03-31,KOSPI,포스코DX,022100,29450,-25.06,2.43,40.24,20.7,38.74,214,0.0
2026-03-31,KOSPI,iM금융지주,139130,16710,-9.14,7.46,21.44,86.08,38.47,215,0.0
2026-03-31,KOSDAQ,코스메카코리아,241710,79700,-5.68,19.67,8.88,75.16,38.05,216,0.0
2026-03-31,KOSDAQ,심텍,222800,47450,-12.13,-3.85,10.61,143.96,37.08,217,0.0
2026-03-31,KOSPI,현대모비스,012330,378000,-26.89,1.34,26.63,45.11,36.85,218,0.0
2026-03-31,KOSPI,두산로보틱스,454910,79500,-25.35,1.92,20.64,58.37,36.21,219,0.0
2026-03-31,KOSPI,이마트,139480,95700,-8.86,17.71,26.75,18.0,35.58,220,0.0
2026-03-31,KOSPI,SK오션플랜트,100090,26850,39.12,32.59,9.59,119.18,35.15,221,0.0
2026-03-31,KOSPI,한국타이어앤테크놀로지,161390,54100,-25.79,-7.2,41.07,37.14,35.09,222,0.0
2026-03-31,KOSDAQ,리브스메드,491000,65600,-26.87,26.89,0.0,0.0,34.94,223,0.0
2026-03-31,KOSPI,롯데케미칼,011170,80600,-15.95,14.65,19.05,23.24,33.87,225,0.0
2026-03-31,KOSPI,GS리테일,007070,21900,-0.45,8.96,31.53,53.58,33.87,224,0.0
2026-03-31,KOSPI,CJ대한통운,000120,103400,-21.67,9.3,22.8,19.81,33.64,226,0.0
2026-03-31,KOSPI,한화오션,042660,120200,-14.87,5.81,8.98,79.14,32.4,227,0.0
2026-03-31,KOSPI,오리온,271560,128000,-4.05,21.1,23.55,8.57,32.39,228,0.0
2026-03-31,KOSPI,대한조선,439260,85700,-13.87,27.91,5.93,0.0,32.23,229,0.0
2026-03-31,KOSPI,KT&G,033780,159200,-2.39,12.03,19.16,57.47,31.9,230,0.0
2026-03-31,KOSPI,한국전력,015760,41650,-28.8,-11.76,15.53,92.38,31.24,231,0.0
2026-03-31,KOSPI,POSCO홀딩스,005490,332500,-19.49,9.02,20.47,19.39,31.07,232,0.0
2026-03-31,KOSPI,삼성중공업,010140,24450,-15.54,1.45,11.64,81.38,31.03,233,0.0
2026-03-31,KOSPI,한화엔진,082740,43550,-19.35,1.4,-3.01,104.94,30.28,234,0.0
2026-03-31,KOSPI,한전KPS,051600,55500,-10.48,12.23,16.47,32.78,29.82,235,0.0
2026-03-31,KOSPI,아모레퍼시픽,090430,137200,-9.38,14.81,12.18,35.31,29.69,237,0.0
2026-03-31,KOSDAQ,에스에프에이,056190,26000,-23.08,11.11,9.47,22.64,29.69,236,0.0
2026-03-31,KOSDAQ,씨엠티엑스,388210,124100,-19.42,24.22,0.0,0.0,29.09,238,0.0
2026-03-31,KOSDAQ,오스코텍,039200,50600,-3.25,11.95,8.0,68.39,28.86,239,0.0
2026-03-31,KOSPI,영원무역,111770,78500,-18.99,-4.03,20.96,60.2,28.79,240,0.0
2026-03-31,KOSPI,KT,030200,60400,-5.33,14.83,19.6,21.77,28.68,241,0.0
2026-03-31,KOSPI,CJ,001040,189000,-13.5,9.88,3.0,62.51,28.66,242,0.0
2026-03-31,KOSPI,코리안리,003690,12240,-12.07,6.07,12.29,49.82,27.0,243,0.0
2026-03-31,KOSPI,현대제철,004020,33650,-27.63,8.37,-0.88,34.6,26.99,244,0.0
2026-03-31,KOSPI,셀트리온,068270,197200,-17.32,8.95,13.73,21.14,26.91,245,0.0
2026-03-31,KOSPI,LG,003550,82800,-23.12,2.6,15.0,28.17,26.78,246,0.0
2026-03-31,KOSPI,금호타이어,073240,5950,-14.76,1.54,25.93,25.66,26.7,247,0.0
2026-03-31,KOSPI,HL만도,204320,49050,-21.89,-16.44,45.98,27.07,26.2,248,0.0
2026-03-31,KOSPI,기업은행,024110,21350,-17.09,1.91,9.71,50.14,24.96,249,0.0
2026-03-31,KOSPI,에스원,012750,85700,-2.39,18.86,1.9,33.07,23.85,250,0.0
2026-03-31,KOSPI,카카오페이,377300,48850,-26.98,-0.51,-9.2,70.8,22.64,251,0.0
2026-03-31,KOSPI,엔씨소프트,036570,224000,-3.03,11.17,3.7,49.93,22.29,252,0.0
2026-03-31,KOSPI,한국콜마,161890,76000,-0.39,22.38,-2.31,21.21,21.19,253,0.0
2026-03-31,KOSPI,서울보증보험,031210,52200,-10.46,4.92,2.15,53.76,21.0,254,0.0
2026-03-31,KOSPI,SK리츠,395400,6220,5.25,7.43,24.15,26.55,20.7,255,0.0
2026-03-31,KOSPI,LG에너지솔루션,373220,394500,-7.61,7.06,13.53,17.94,19.8,256,0.0
2026-03-31,KOSPI,한국앤컴퍼니,000240,24000,-23.32,-8.22,4.35,58.42,18.94,257,0.0
2026-03-31,KOSPI,LG유플러스,032640,15530,-6.11,5.5,1.17,50.78,18.2,258,0.0
2026-03-31,KOSPI,아모레퍼시픽홀딩스,002790,27650,-11.8,2.98,3.75,38.25,17.81,259,0.0
2026-03-31,KOSPI,SK가스,018670,269000,15.45,19.56,16.2,8.91,17.8,260,0.0
2026-03-31,KOSDAQ,HK이노엔,195940,49050,-9.17,-0.51,10.47,40.95,17.6,261,0.0
2026-03-31,KOSPI,롯데지주,004990,27300,-23.64,3.21,-5.7,27.57,17.05,262,0.0
2026-03-31,KOSPI,대웅제약,069620,160000,-9.25,-7.14,19.4,41.59,16.93,263,0.0
2026-03-31,KOSPI,SK이노베이션,096770,108700,-14.88,7.41,8.16,-3.29,16.79,264,0.0
2026-03-31,KOSDAQ,파크시스템스,140860,234500,-18.72,12.2,-9.46,11.93,16.78,265,0.0
2026-03-31,KOSPI,카카오뱅크,323410,23950,-11.79,10.88,0.84,8.62,16.74,266,0.0
2026-03-31,KOSPI,현대엘리베이터,017800,83300,-15.6,-5.66,4.12,53.97,16.13,267,0.0
2026-03-31,KOSDAQ,HLB,028300,50600,-2.32,-0.39,33.33,-8.17,15.88,268,0.0
2026-03-31,KOSPI,금호석유화학,011780,117900,-23.14,-2.32,12.93,-2.32,15.72,269,0.0
2026-03-31,KOSPI,현대해상,001450,30150,-12.23,-2.11,7.1,37.99,15.57,270,0.0
2026-03-31,KOSPI,대한항공,003490,23550,-16.19,4.43,3.52,10.56,15.51,271,0.0
2026-03-31,KOSPI,하이브,352820,299000,-22.84,-9.39,12.41,26.96,15.5,272,0.0
2026-03-31,KOSPI,HD현대마린엔진,071970,68700,-21.31,-23.24,-17.13,159.25,15.35,273,0.0
2026-03-31,KOSPI,한진칼,180640,107800,-31.03,-13.06,7.26,32.92,15.28,274,0.0
2026-03-31,KOSPI,한미사이언스,008930,37100,-14.91,2.34,-4.63,40.8,15.18,275,0.0
2026-03-31,KOSPI,코스맥스,192820,196500,3.42,20.55,-8.39,19.53,14.44,276,0.0
2026-03-31,KOSPI,LG화학,051910,299000,-28.38,-10.21,7.55,22.04,14.21,277,0.0
2026-03-31,KOSDAQ,지투지바이오,456160,65800,-39.19,-1.79,-9.7,0.0,13.31,278,0.0
2026-03-31,KOSPI,HD현대중공업,329180,465000,-22.89,-8.64,-9.71,66.67,13.01,279,0.0
2026-03-31,KOSDAQ,셀트리온제약,068760,54800,-23.68,-5.52,4.46,15.46,12.75,280,0.0
2026-03-31,KOSDAQ,젬백스,082270,33950,-27.15,17.07,-32.64,3.19,11.55,281,0.0
2026-03-31,KOSPI,삼성카드,029780,53100,-15.71,-5.01,1.53,32.58,11.13,282,0.0
2026-03-31,KOSPI,미스토홀딩스,081660,41000,-16.33,-3.98,6.36,8.04,9.76,283,0.0
2026-03-31,KOSPI,두산밥캣,241560,56900,-12.46,-1.39,2.52,13.8,9.14,284,0.0
2026-03-31,KOSPI,녹십자,006280,142900,-15.49,-10.13,10.6,17.04,8.36,285,0.0
2026-03-31,KOSDAQ,실리콘투,257720,38150,-13.0,-1.29,-16.7,56.03,8.32,286,0.0
2026-03-31,KOSPI,현대백화점,069960,79200,-28.0,-10.61,-10.51,32.22,6.7,287,0.0
2026-03-31,KOSDAQ,신성델타테크,065350,54700,-22.08,-3.53,-1.26,-4.87,6.61,288,0.0
2026-03-31,KOSPI,현대로템,064350,169500,-26.46,-9.79,-22.6,61.43,6.38,289,0.0
2026-03-31,KOSPI,HD한국조선해양,009540,344000,-23.56,-15.48,-16.3,71.14,5.47,290,0.0
2026-03-31,KOSPI,삼성에스디에스,018260,150100,-23.03,-12.48,-8.59,29.17,3.07,291,0.0
2026-03-31,KOSPI,동서,026960,27350,-0.36,1.86,1.67,2.63,3.03,292,0.0
2026-03-31,KOSPI,삼성화재,000810,440500,-16.89,-11.37,-2.44,23.22,2.77,293,0.0
2026-03-31,KOSDAQ,프로티나,468530,66600,-18.88,-39.78,49.66,0.0,2.44,294,0.0
2026-03-31,KOSPI,메리츠금융지주,138040,111400,-12.35,-1.5,-1.85,-8.69,2.31,295,0.0
2026-03-31,KOSDAQ,알지노믹스,476830,197600,33.51,23.12,0.0,0.0,1.74,296,0.0
2026-03-31,KOSDAQ,필옵틱스,161580,36100,-31.37,-17.67,-3.6,8.41,1.42,297,0.0
2026-03-31,KOSPI,LG씨엔에스,064400,55800,-25.1,-9.12,-15.07,13.88,0.5,298,0.0
2026-03-31,KOSPI,맥쿼리인프라,088980,11220,-1.92,-0.27,-2.52,3.22,0.13,299,0.0
2026-03-31,KOSPI,삼성바이오로직스,207940,1504000,-15.41,-11.27,2.5,0.78,0.1,300,0.0
2026-03-31,KOSDAQ,아이엠바이오로직스,493280,55300,0.0,0.0,0.0,0.0,0.0,301,0.0
2026-03-31,KOSPI,케이뱅크,279570,5970,0.0,0.0,0.0,0.0,0.0,302,0.0
2026-03-31,KOSPI,넷마블,251270,49200,-6.46,1.97,-20.26,25.67,-0.19,303,0.0
2026-03-31,KOSPI,HMM,011200,19570,-8.34,-4.54,-2.39,0.05,-0.65,304,0.0
2026-03-31,KOSDAQ,클래시스,214150,50500,-13.53,-7.34,0.0,-10.46,-1.2,305,0.0
2026-03-31,KOSPI,호텔신라,008770,44000,-8.24,-1.35,-14.4,14.29,-1.3,306,0.0
2026-03-31,KOSPI,달바글로벌,483650,142000,-16.22,-3.73,-13.2,0.0,-1.47,307,0.0
2026-03-31,KOSPI,LG디스플레이,034220,10850,-24.34,-8.13,-24.71,23.16,-2.06,308,0.0
2026-03-31,KOSDAQ,테크윙,089030,45300,-2.79,-1.09,-22.96,44.27,-2.1,309,0.0
2026-03-31,KOSPI,CJ제일제당,097950,216500,1.17,4.09,-6.07,-12.17,-2.79,310,0.0
2026-03-31,KOSDAQ,에임드바이오,0009K0,47200,-23.25,-18.06,0.0,0.0,-2.82,311,0.0
2026-03-31,KOSPI,제일기획,030000,18970,-13.58,-9.67,-6.55,5.27,-3.17,312,0.0
2026-03-31,KOSDAQ,세미파이브,490470,22500,-17.73,-15.09,0.0,0.0,-3.21,313,0.0
2026-03-31,KOSPI,F&F,383220,61300,-13.3,-10.51,-2.23,-3.31,-3.54,314,0.0
2026-03-31,KOSPI,삼양식품,003230,1200000,-1.72,-2.52,-21.52,39.53,-4.01,315,0.0
2026-03-31,KOSDAQ,씨젠,096530,21850,-16.76,-8.19,-11.72,-1.13,-4.26,316,0.0
2026-03-31,KOSPI,HD현대마린솔루션,443060,179600,-2.55,-7.18,-14.48,34.23,-4.86,317,0.0
2026-03-31,KOSPI,강원랜드,035250,16890,-11.34,-10.87,-8.01,1.38,-6.75,318,0.0
2026-03-31,KOSDAQ,휴젤,145020,240500,-10.93,4.34,-20.36,-28.21,-6.89,319,0.0
2026-03-31,KOSPI,한국가스공사,036460,34950,-15.17,-11.07,-10.61,-1.96,-6.97,320,0.0
2026-03-31,KOSPI,SKC,011790,91300,-19.35,-12.55,-9.69,-11.27,-7.47,321,0.0
2026-03-31,KOSPI,SK바이오사이언스,302440,41700,-14.81,-13.49,-10.9,6.38,-7.56,322,0.0
2026-03-31,KOSDAQ,CJ ENM,035760,56500,-22.18,-12.54,-20.53,0.36,-9.14,323,0.0
2026-03-31,KOSPI,크래프톤,259960,255000,2.62,3.66,-12.82,-23.77,-9.54,324,0.0
2026-03-31,KOSPI,풍산,103140,86700,-25.13,-18.59,-30.47,39.84,-9.58,325,0.0
2026-03-31,KOSPI,LG생활건강,051900,247000,-7.49,-4.45,-13.64,-20.96,-10.82,326,0.0
2026-03-31,KOSDAQ,넥슨게임즈,225570,11580,-2.36,-3.58,-17.34,-6.69,-11.69,327,0.0
2026-03-31,KOSPI,SK아이이테크놀로지,361610,21250,-21.59,-15.17,-19.81,-4.49,-12.15,328,0.0
2026-03-31,KOSPI,SK바이오팜,326030,94800,-20.87,-23.92,-6.51,-4.53,-12.86,329,0.0
2026-03-31,KOSPI,삼성에피스홀딩스,0126Z0,494000,-26.81,-33.51,0.0,0.0,-13.4,330,0.0
2026-03-31,KOSPI,카카오,035720,45800,-26.48,-23.79,-23.15,17.14,-13.94,331,0.0
2026-03-31,KOSPI,농심,004370,367000,-14.65,-15.14,-14.95,-9.27,-14.12,332,0.0
2026-03-31,KOSDAQ,하이젠알앤엠,160190,35000,-49.28,-41.18,-19.45,19.05,-14.22,333,0.0
2026-03-31,KOSDAQ,JYP Ent.,035900,61500,-11.89,-15.29,-17.56,3.89,-14.29,334,0.0
2026-03-31,KOSPI,NAVER,035420,201500,-20.83,-16.91,-24.95,5.5,-14.49,335,0.0
2026-03-31,KOSDAQ,메디톡스,086900,101300,-21.35,-16.14,-15.44,-26.59,-15.28,336,0.0
2026-03-31,KOSDAQ,루닛,328130,32650,-14.33,-15.16,-12.39,-29.27,-17.01,337,0.0
2026-03-31,KOSDAQ,스튜디오드래곤,253450,36000,-19.37,-15.79,-19.73,-25.47,-17.9,338,0.0
2026-03-31,KOSPI,유한양행,000100,94800,-13.97,-15.66,-20.4,-13.19,-18.38,339,0.0
2026-03-31,KOSDAQ,카카오게임즈,293490,12100,-17.29,-18.79,-22.49,-15.8,-20.79,340,0.0
2026-03-31,KOSDAQ,제이앤티씨,204270,15180,-31.62,-23.41,-38.29,2.78,-21.51,341,0.0
2026-03-31,KOSDAQ,네이처셀,007390,17310,-19.49,-20.6,-15.35,-39.26,-22.26,342,0.0
2026-03-31,KOSPI,코웨이,021240,72200,-11.84,-16.92,-26.7,-10.86,-23.13,343,0.0
2026-03-31,KOSDAQ,알테오젠,196170,341500,-16.2,-24.03,-25.44,-4.07,-24.66,344,0.0
2026-03-31,KOSPI,시프트업,462870,32050,-0.93,-9.72,-21.92,-42.46,-26.77,345,0.0
2026-03-31,KOSDAQ,지아이이노베이션,358570,12630,-21.75,-28.4,-31.99,4.61,-26.92,346,0.0
2026-03-31,KOSDAQ,와이지엔터테인먼트,122870,52900,-28.51,-23.78,-45.85,-15.9,-30.87,347,0.0
2026-03-31,KOSDAQ,엔켐,348370,40950,-46.12,-34.9,-42.81,-37.29,-33.72,348,0.0
2026-03-31,KOSDAQ,에스엠,041510,88800,-23.12,-34.22,-31.69,-17.24,-35.11,349,0.0
2026-03-31,KOSDAQ,파마리서치,214450,299000,-14.45,-25.81,-50.25,-9.94,-40.53,350,0.0
